[2026-10-05T09:44:05.354+0000] {processor.py:186} INFO - Started process (PID=180) to work on /opt/airflow/dags/market_elt_pipeline.py
[2026-10-05T09:44:05.513+0000] {processor.py:914} INFO - Processing file /opt/airflow/dags/market_elt_pipeline.py for tasks to queue
[2026-10-05T09:44:05.758+0000] {logging_mixin.py:190} INFO - [2026-10-05T09:44:05.727+0000] {dagbag.py:588} INFO - Filling up the DagBag from /opt/airflow/dags/market_elt_pipeline.py
[2026-10-05T09:44:06.522+0000] {processor.py:925} INFO - DAG(s) 'market_data_elt_pipeline' retrieved from /opt/airflow/dags/market_elt_pipeline.py
[2026-10-05T09:44:10.649+0000] {logging_mixin.py:190} INFO - [2026-10-05T09:44:10.643+0000] {override.py:1912} INFO - Created Permission View: can delete on DAG:market_data_elt_pipeline
[2026-10-05T09:44:10.690+0000] {logging_mixin.py:190} INFO - [2026-10-05T09:44:10.689+0000] {override.py:1912} INFO - Created Permission View: can read on DAG:market_data_elt_pipeline
[2026-10-05T09:44:10.697+0000] {logging_mixin.py:190} INFO - [2026-10-05T09:44:10.697+0000] {override.py:1912} INFO - Created Permission View: can edit on DAG:market_data_elt_pipeline
[2026-10-05T09:44:10.709+0000] {logging_mixin.py:190} INFO - [2026-10-05T09:44:10.709+0000] {override.py:1912} INFO - Created Permission View: can delete on DAG Run:market_data_elt_pipeline
[2026-10-05T09:44:10.721+0000] {logging_mixin.py:190} INFO - [2026-10-05T09:44:10.721+0000] {override.py:1912} INFO - Created Permission View: can read on DAG Run:market_data_elt_pipeline
[2026-10-05T09:44:10.731+0000] {logging_mixin.py:190} INFO - [2026-10-05T09:44:10.731+0000] {override.py:1912} INFO - Created Permission View: menu access on DAG Run:market_data_elt_pipeline
[2026-10-05T09:44:10.740+0000] {logging_mixin.py:190} INFO - [2026-10-05T09:44:10.740+0000] {override.py:1912} INFO - Created Permission View: can create on DAG Run:market_data_elt_pipeline
[2026-10-05T09:44:10.742+0000] {logging_mixin.py:190} INFO - [2026-10-05T09:44:10.742+0000] {dag.py:3239} INFO - Sync 1 DAGs
[2026-10-05T09:44:10.901+0000] {logging_mixin.py:190} INFO - [2026-10-05T09:44:10.901+0000] {dag.py:3262} INFO - Creating ORM DAG for market_data_elt_pipeline
[2026-10-05T09:44:11.053+0000] {logging_mixin.py:190} INFO - [2026-10-05T09:44:11.050+0000] {dag.py:4180} INFO - Setting next_dagrun for market_data_elt_pipeline to 2026-10-04 00:00:00+00:00, run_after=2026-10-05 00:00:00+00:00
[2026-10-05T09:44:11.203+0000] {processor.py:208} INFO - Processing /opt/airflow/dags/market_elt_pipeline.py took 6.382 seconds
[2026-10-05T09:44:42.080+0000] {processor.py:186} INFO - Started process (PID=185) to work on /opt/airflow/dags/market_elt_pipeline.py
[2026-10-05T09:44:42.082+0000] {processor.py:914} INFO - Processing file /opt/airflow/dags/market_elt_pipeline.py for tasks to queue
[2026-10-05T09:44:42.086+0000] {logging_mixin.py:190} INFO - [2026-10-05T09:44:42.085+0000] {dagbag.py:588} INFO - Filling up the DagBag from /opt/airflow/dags/market_elt_pipeline.py
[2026-10-05T09:44:42.120+0000] {processor.py:925} INFO - DAG(s) 'market_data_elt_pipeline' retrieved from /opt/airflow/dags/market_elt_pipeline.py
[2026-10-05T09:44:42.208+0000] {logging_mixin.py:190} INFO - [2026-10-05T09:44:42.208+0000] {dag.py:3239} INFO - Sync 1 DAGs
[2026-10-05T09:44:42.280+0000] {logging_mixin.py:190} INFO - [2026-10-05T09:44:42.279+0000] {dag.py:4180} INFO - Setting next_dagrun for market_data_elt_pipeline to 2026-10-04 00:00:00+00:00, run_after=2026-10-05 00:00:00+00:00
[2026-10-05T09:44:42.328+0000] {processor.py:208} INFO - Processing /opt/airflow/dags/market_elt_pipeline.py took 0.266 seconds
[2026-10-05T09:45:12.773+0000] {processor.py:186} INFO - Started process (PID=190) to work on /opt/airflow/dags/market_elt_pipeline.py
[2026-10-05T09:45:12.778+0000] {processor.py:914} INFO - Processing file /opt/airflow/dags/market_elt_pipeline.py for tasks to queue
[2026-10-05T09:45:12.790+0000] {logging_mixin.py:190} INFO - [2026-10-05T09:45:12.788+0000] {dagbag.py:588} INFO - Filling up the DagBag from /opt/airflow/dags/market_elt_pipeline.py
[2026-10-05T09:45:12.889+0000] {processor.py:925} INFO - DAG(s) 'market_data_elt_pipeline' retrieved from /opt/airflow/dags/market_elt_pipeline.py
[2026-10-05T09:45:12.947+0000] {logging_mixin.py:190} INFO - [2026-10-05T09:45:12.946+0000] {dag.py:3239} INFO - Sync 1 DAGs
[2026-10-05T09:45:12.983+0000] {logging_mixin.py:190} INFO - [2026-10-05T09:45:12.983+0000] {dag.py:4180} INFO - Setting next_dagrun for market_data_elt_pipeline to 2026-10-04 00:00:00+00:00, run_after=2026-10-05 00:00:00+00:00
[2026-10-05T09:45:13.037+0000] {processor.py:208} INFO - Processing /opt/airflow/dags/market_elt_pipeline.py took 0.281 seconds
[2026-10-05T09:45:43.364+0000] {processor.py:186} INFO - Started process (PID=202) to work on /opt/airflow/dags/market_elt_pipeline.py
[2026-10-05T09:45:43.389+0000] {processor.py:914} INFO - Processing file /opt/airflow/dags/market_elt_pipeline.py for tasks to queue
[2026-10-05T09:45:43.409+0000] {logging_mixin.py:190} INFO - [2026-10-05T09:45:43.404+0000] {dagbag.py:588} INFO - Filling up the DagBag from /opt/airflow/dags/market_elt_pipeline.py
[2026-10-05T09:45:43.776+0000] {processor.py:925} INFO - DAG(s) 'market_data_elt_pipeline' retrieved from /opt/airflow/dags/market_elt_pipeline.py
[2026-10-05T09:45:43.849+0000] {logging_mixin.py:190} INFO - [2026-10-05T09:45:43.849+0000] {dag.py:3239} INFO - Sync 1 DAGs
[2026-10-05T09:45:43.917+0000] {logging_mixin.py:190} INFO - [2026-10-05T09:45:43.916+0000] {dag.py:4180} INFO - Setting next_dagrun for market_data_elt_pipeline to 2026-10-04 00:00:00+00:00, run_after=2026-10-05 00:00:00+00:00
[2026-10-05T09:45:43.959+0000] {processor.py:208} INFO - Processing /opt/airflow/dags/market_elt_pipeline.py took 0.686 seconds
[2026-10-05T09:46:14.778+0000] {processor.py:186} INFO - Started process (PID=207) to work on /opt/airflow/dags/market_elt_pipeline.py
[2026-10-05T09:46:14.780+0000] {processor.py:914} INFO - Processing file /opt/airflow/dags/market_elt_pipeline.py for tasks to queue
[2026-10-05T09:46:14.785+0000] {logging_mixin.py:190} INFO - [2026-10-05T09:46:14.784+0000] {dagbag.py:588} INFO - Filling up the DagBag from /opt/airflow/dags/market_elt_pipeline.py
[2026-10-05T09:46:14.835+0000] {processor.py:925} INFO - DAG(s) 'market_data_elt_pipeline' retrieved from /opt/airflow/dags/market_elt_pipeline.py
[2026-10-05T09:46:15.604+0000] {logging_mixin.py:190} INFO - [2026-10-05T09:46:15.604+0000] {dag.py:3239} INFO - Sync 1 DAGs
[2026-10-05T09:46:15.654+0000] {logging_mixin.py:190} INFO - [2026-10-05T09:46:15.654+0000] {dag.py:4180} INFO - Setting next_dagrun for market_data_elt_pipeline to 2026-10-04 00:00:00+00:00, run_after=2026-10-05 00:00:00+00:00
[2026-10-05T09:46:15.703+0000] {processor.py:208} INFO - Processing /opt/airflow/dags/market_elt_pipeline.py took 0.934 seconds
[2026-10-05T09:46:46.148+0000] {processor.py:186} INFO - Started process (PID=230) to work on /opt/airflow/dags/market_elt_pipeline.py
[2026-10-05T09:46:46.150+0000] {processor.py:914} INFO - Processing file /opt/airflow/dags/market_elt_pipeline.py for tasks to queue
[2026-10-05T09:46:46.157+0000] {logging_mixin.py:190} INFO - [2026-10-05T09:46:46.156+0000] {dagbag.py:588} INFO - Filling up the DagBag from /opt/airflow/dags/market_elt_pipeline.py
[2026-10-05T09:46:46.325+0000] {processor.py:925} INFO - DAG(s) 'market_data_elt_pipeline' retrieved from /opt/airflow/dags/market_elt_pipeline.py
[2026-10-05T09:46:46.416+0000] {logging_mixin.py:190} INFO - [2026-10-05T09:46:46.415+0000] {dag.py:3239} INFO - Sync 1 DAGs
[2026-10-05T09:46:46.492+0000] {logging_mixin.py:190} INFO - [2026-10-05T09:46:46.491+0000] {dag.py:4180} INFO - Setting next_dagrun for market_data_elt_pipeline to 2026-10-05 00:00:00+00:00, run_after=2026-10-06 00:00:00+00:00
[2026-10-05T09:46:46.550+0000] {processor.py:208} INFO - Processing /opt/airflow/dags/market_elt_pipeline.py took 0.419 seconds
[2026-10-05T09:47:16.665+0000] {processor.py:186} INFO - Started process (PID=235) to work on /opt/airflow/dags/market_elt_pipeline.py
[2026-10-05T09:47:16.671+0000] {processor.py:914} INFO - Processing file /opt/airflow/dags/market_elt_pipeline.py for tasks to queue
[2026-10-05T09:47:16.756+0000] {logging_mixin.py:190} INFO - [2026-10-05T09:47:16.741+0000] {dagbag.py:588} INFO - Filling up the DagBag from /opt/airflow/dags/market_elt_pipeline.py
[2026-10-05T09:47:16.786+0000] {processor.py:925} INFO - DAG(s) 'market_data_elt_pipeline' retrieved from /opt/airflow/dags/market_elt_pipeline.py
[2026-10-05T09:47:16.882+0000] {logging_mixin.py:190} INFO - [2026-10-05T09:47:16.881+0000] {dag.py:3239} INFO - Sync 1 DAGs
[2026-10-05T09:47:16.924+0000] {logging_mixin.py:190} INFO - [2026-10-05T09:47:16.923+0000] {dag.py:4180} INFO - Setting next_dagrun for market_data_elt_pipeline to 2026-10-05 00:00:00+00:00, run_after=2026-10-06 00:00:00+00:00
[2026-10-05T09:47:16.957+0000] {processor.py:208} INFO - Processing /opt/airflow/dags/market_elt_pipeline.py took 0.339 seconds
[2026-10-05T09:47:47.257+0000] {processor.py:186} INFO - Started process (PID=240) to work on /opt/airflow/dags/market_elt_pipeline.py
[2026-10-05T09:47:47.258+0000] {processor.py:914} INFO - Processing file /opt/airflow/dags/market_elt_pipeline.py for tasks to queue
[2026-10-05T09:47:47.262+0000] {logging_mixin.py:190} INFO - [2026-10-05T09:47:47.261+0000] {dagbag.py:588} INFO - Filling up the DagBag from /opt/airflow/dags/market_elt_pipeline.py
[2026-10-05T09:47:47.285+0000] {processor.py:925} INFO - DAG(s) 'market_data_elt_pipeline' retrieved from /opt/airflow/dags/market_elt_pipeline.py
[2026-10-05T09:47:47.320+0000] {logging_mixin.py:190} INFO - [2026-10-05T09:47:47.320+0000] {dag.py:3239} INFO - Sync 1 DAGs
[2026-10-05T09:47:47.382+0000] {logging_mixin.py:190} INFO - [2026-10-05T09:47:47.382+0000] {dag.py:4180} INFO - Setting next_dagrun for market_data_elt_pipeline to 2026-10-05 00:00:00+00:00, run_after=2026-10-06 00:00:00+00:00
[2026-10-05T09:47:47.403+0000] {processor.py:208} INFO - Processing /opt/airflow/dags/market_elt_pipeline.py took 0.152 seconds
[2026-10-05T09:48:17.619+0000] {processor.py:186} INFO - Started process (PID=245) to work on /opt/airflow/dags/market_elt_pipeline.py
[2026-10-05T09:48:17.621+0000] {processor.py:914} INFO - Processing file /opt/airflow/dags/market_elt_pipeline.py for tasks to queue
[2026-10-05T09:48:17.623+0000] {logging_mixin.py:190} INFO - [2026-10-05T09:48:17.623+0000] {dagbag.py:588} INFO - Filling up the DagBag from /opt/airflow/dags/market_elt_pipeline.py
[2026-10-05T09:48:17.648+0000] {processor.py:925} INFO - DAG(s) 'market_data_elt_pipeline' retrieved from /opt/airflow/dags/market_elt_pipeline.py
[2026-10-05T09:48:17.689+0000] {logging_mixin.py:190} INFO - [2026-10-05T09:48:17.689+0000] {dag.py:3239} INFO - Sync 1 DAGs
[2026-10-05T09:48:17.720+0000] {logging_mixin.py:190} INFO - [2026-10-05T09:48:17.719+0000] {dag.py:4180} INFO - Setting next_dagrun for market_data_elt_pipeline to 2026-10-05 00:00:00+00:00, run_after=2026-10-06 00:00:00+00:00
[2026-10-05T09:48:17.741+0000] {processor.py:208} INFO - Processing /opt/airflow/dags/market_elt_pipeline.py took 0.130 seconds
[2026-10-05T09:48:48.482+0000] {processor.py:186} INFO - Started process (PID=265) to work on /opt/airflow/dags/market_elt_pipeline.py
[2026-10-05T09:48:48.490+0000] {processor.py:914} INFO - Processing file /opt/airflow/dags/market_elt_pipeline.py for tasks to queue
[2026-10-05T09:48:48.500+0000] {logging_mixin.py:190} INFO - [2026-10-05T09:48:48.499+0000] {dagbag.py:588} INFO - Filling up the DagBag from /opt/airflow/dags/market_elt_pipeline.py
[2026-10-05T09:48:49.179+0000] {processor.py:925} INFO - DAG(s) 'market_data_elt_pipeline' retrieved from /opt/airflow/dags/market_elt_pipeline.py
[2026-10-05T09:48:49.615+0000] {logging_mixin.py:190} INFO - [2026-10-05T09:48:49.615+0000] {dag.py:3239} INFO - Sync 1 DAGs
[2026-10-05T09:48:49.808+0000] {logging_mixin.py:190} INFO - [2026-10-05T09:48:49.807+0000] {dag.py:4180} INFO - Setting next_dagrun for market_data_elt_pipeline to 2026-10-05 00:00:00+00:00, run_after=2026-10-06 00:00:00+00:00
[2026-10-05T09:48:50.003+0000] {processor.py:208} INFO - Processing /opt/airflow/dags/market_elt_pipeline.py took 1.574 seconds
[2026-10-05T09:49:20.577+0000] {processor.py:186} INFO - Started process (PID=287) to work on /opt/airflow/dags/market_elt_pipeline.py
[2026-10-05T09:49:20.578+0000] {processor.py:914} INFO - Processing file /opt/airflow/dags/market_elt_pipeline.py for tasks to queue
[2026-10-05T09:49:20.583+0000] {logging_mixin.py:190} INFO - [2026-10-05T09:49:20.582+0000] {dagbag.py:588} INFO - Filling up the DagBag from /opt/airflow/dags/market_elt_pipeline.py
[2026-10-05T09:49:20.693+0000] {processor.py:925} INFO - DAG(s) 'market_data_elt_pipeline' retrieved from /opt/airflow/dags/market_elt_pipeline.py
[2026-10-05T09:49:20.742+0000] {logging_mixin.py:190} INFO - [2026-10-05T09:49:20.742+0000] {dag.py:3239} INFO - Sync 1 DAGs
[2026-10-05T09:49:20.861+0000] {logging_mixin.py:190} INFO - [2026-10-05T09:49:20.861+0000] {dag.py:4180} INFO - Setting next_dagrun for market_data_elt_pipeline to 2026-10-05 00:00:00+00:00, run_after=2026-10-06 00:00:00+00:00
[2026-10-05T09:49:20.900+0000] {processor.py:208} INFO - Processing /opt/airflow/dags/market_elt_pipeline.py took 0.334 seconds
[2026-10-05T09:49:51.391+0000] {processor.py:186} INFO - Started process (PID=292) to work on /opt/airflow/dags/market_elt_pipeline.py
[2026-10-05T09:49:51.401+0000] {processor.py:914} INFO - Processing file /opt/airflow/dags/market_elt_pipeline.py for tasks to queue
[2026-10-05T09:49:51.437+0000] {logging_mixin.py:190} INFO - [2026-10-05T09:49:51.432+0000] {dagbag.py:588} INFO - Filling up the DagBag from /opt/airflow/dags/market_elt_pipeline.py
[2026-10-05T09:49:51.557+0000] {processor.py:925} INFO - DAG(s) 'market_data_elt_pipeline' retrieved from /opt/airflow/dags/market_elt_pipeline.py
[2026-10-05T09:49:51.748+0000] {logging_mixin.py:190} INFO - [2026-10-05T09:49:51.747+0000] {dag.py:3239} INFO - Sync 1 DAGs
[2026-10-05T09:49:51.790+0000] {logging_mixin.py:190} INFO - [2026-10-05T09:49:51.789+0000] {dag.py:4180} INFO - Setting next_dagrun for market_data_elt_pipeline to 2026-10-05 00:00:00+00:00, run_after=2026-10-06 00:00:00+00:00
[2026-10-05T09:49:51.829+0000] {processor.py:208} INFO - Processing /opt/airflow/dags/market_elt_pipeline.py took 0.501 seconds
[2026-10-05T09:50:21.967+0000] {processor.py:186} INFO - Started process (PID=297) to work on /opt/airflow/dags/market_elt_pipeline.py
[2026-10-05T09:50:21.968+0000] {processor.py:914} INFO - Processing file /opt/airflow/dags/market_elt_pipeline.py for tasks to queue
[2026-10-05T09:50:21.972+0000] {logging_mixin.py:190} INFO - [2026-10-05T09:50:21.972+0000] {dagbag.py:588} INFO - Filling up the DagBag from /opt/airflow/dags/market_elt_pipeline.py
[2026-10-05T09:50:22.002+0000] {processor.py:925} INFO - DAG(s) 'market_data_elt_pipeline' retrieved from /opt/airflow/dags/market_elt_pipeline.py
[2026-10-05T09:50:22.042+0000] {logging_mixin.py:190} INFO - [2026-10-05T09:50:22.042+0000] {dag.py:3239} INFO - Sync 1 DAGs
[2026-10-05T09:50:22.076+0000] {logging_mixin.py:190} INFO - [2026-10-05T09:50:22.075+0000] {dag.py:4180} INFO - Setting next_dagrun for market_data_elt_pipeline to 2026-10-05 00:00:00+00:00, run_after=2026-10-06 00:00:00+00:00
[2026-10-05T09:50:22.100+0000] {processor.py:208} INFO - Processing /opt/airflow/dags/market_elt_pipeline.py took 0.143 seconds
[2026-10-05T09:50:52.277+0000] {processor.py:186} INFO - Started process (PID=302) to work on /opt/airflow/dags/market_elt_pipeline.py
[2026-10-05T09:50:52.278+0000] {processor.py:914} INFO - Processing file /opt/airflow/dags/market_elt_pipeline.py for tasks to queue
[2026-10-05T09:50:52.283+0000] {logging_mixin.py:190} INFO - [2026-10-05T09:50:52.282+0000] {dagbag.py:588} INFO - Filling up the DagBag from /opt/airflow/dags/market_elt_pipeline.py
[2026-10-05T09:50:52.308+0000] {processor.py:925} INFO - DAG(s) 'market_data_elt_pipeline' retrieved from /opt/airflow/dags/market_elt_pipeline.py
[2026-10-05T09:50:52.348+0000] {logging_mixin.py:190} INFO - [2026-10-05T09:50:52.348+0000] {dag.py:3239} INFO - Sync 1 DAGs
[2026-10-05T09:50:52.377+0000] {logging_mixin.py:190} INFO - [2026-10-05T09:50:52.377+0000] {dag.py:4180} INFO - Setting next_dagrun for market_data_elt_pipeline to 2026-10-05 00:00:00+00:00, run_after=2026-10-06 00:00:00+00:00
[2026-10-05T09:50:52.405+0000] {processor.py:208} INFO - Processing /opt/airflow/dags/market_elt_pipeline.py took 0.136 seconds
[2026-10-05T09:51:22.670+0000] {processor.py:186} INFO - Started process (PID=323) to work on /opt/airflow/dags/market_elt_pipeline.py
[2026-10-05T09:51:22.671+0000] {processor.py:914} INFO - Processing file /opt/airflow/dags/market_elt_pipeline.py for tasks to queue
[2026-10-05T09:51:22.677+0000] {logging_mixin.py:190} INFO - [2026-10-05T09:51:22.676+0000] {dagbag.py:588} INFO - Filling up the DagBag from /opt/airflow/dags/market_elt_pipeline.py
[2026-10-05T09:51:22.733+0000] {processor.py:925} INFO - DAG(s) 'market_data_elt_pipeline' retrieved from /opt/airflow/dags/market_elt_pipeline.py
[2026-10-05T09:51:22.851+0000] {logging_mixin.py:190} INFO - [2026-10-05T09:51:22.851+0000] {dag.py:3239} INFO - Sync 1 DAGs
[2026-10-05T09:51:22.904+0000] {logging_mixin.py:190} INFO - [2026-10-05T09:51:22.904+0000] {dag.py:4180} INFO - Setting next_dagrun for market_data_elt_pipeline to 2026-10-05 00:00:00+00:00, run_after=2026-10-06 00:00:00+00:00
[2026-10-05T09:51:22.929+0000] {processor.py:208} INFO - Processing /opt/airflow/dags/market_elt_pipeline.py took 0.269 seconds
[2026-10-05T09:51:53.051+0000] {processor.py:186} INFO - Started process (PID=328) to work on /opt/airflow/dags/market_elt_pipeline.py
[2026-10-05T09:51:53.053+0000] {processor.py:914} INFO - Processing file /opt/airflow/dags/market_elt_pipeline.py for tasks to queue
[2026-10-05T09:51:53.058+0000] {logging_mixin.py:190} INFO - [2026-10-05T09:51:53.057+0000] {dagbag.py:588} INFO - Filling up the DagBag from /opt/airflow/dags/market_elt_pipeline.py
[2026-10-05T09:51:53.091+0000] {processor.py:925} INFO - DAG(s) 'market_data_elt_pipeline' retrieved from /opt/airflow/dags/market_elt_pipeline.py
[2026-10-05T09:51:53.143+0000] {logging_mixin.py:190} INFO - [2026-10-05T09:51:53.143+0000] {dag.py:3239} INFO - Sync 1 DAGs
[2026-10-05T09:51:53.235+0000] {logging_mixin.py:190} INFO - [2026-10-05T09:51:53.234+0000] {dag.py:4180} INFO - Setting next_dagrun for market_data_elt_pipeline to 2026-10-05 00:00:00+00:00, run_after=2026-10-06 00:00:00+00:00
[2026-10-05T09:51:53.344+0000] {processor.py:208} INFO - Processing /opt/airflow/dags/market_elt_pipeline.py took 0.304 seconds
[2026-10-05T09:52:24.219+0000] {processor.py:186} INFO - Started process (PID=333) to work on /opt/airflow/dags/market_elt_pipeline.py
[2026-10-05T09:52:24.225+0000] {processor.py:914} INFO - Processing file /opt/airflow/dags/market_elt_pipeline.py for tasks to queue
[2026-10-05T09:52:24.270+0000] {logging_mixin.py:190} INFO - [2026-10-05T09:52:24.265+0000] {dagbag.py:588} INFO - Filling up the DagBag from /opt/airflow/dags/market_elt_pipeline.py
[2026-10-05T09:52:24.521+0000] {processor.py:925} INFO - DAG(s) 'market_data_elt_pipeline' retrieved from /opt/airflow/dags/market_elt_pipeline.py
[2026-10-05T09:52:25.045+0000] {logging_mixin.py:190} INFO - [2026-10-05T09:52:25.044+0000] {dag.py:3239} INFO - Sync 1 DAGs
[2026-10-05T09:52:26.075+0000] {logging_mixin.py:190} INFO - [2026-10-05T09:52:26.073+0000] {dag.py:4180} INFO - Setting next_dagrun for market_data_elt_pipeline to 2026-10-05 00:00:00+00:00, run_after=2026-10-06 00:00:00+00:00
[2026-10-05T09:52:26.260+0000] {processor.py:208} INFO - Processing /opt/airflow/dags/market_elt_pipeline.py took 2.161 seconds
[2026-10-05T09:52:56.575+0000] {processor.py:186} INFO - Started process (PID=338) to work on /opt/airflow/dags/market_elt_pipeline.py
[2026-10-05T09:52:56.579+0000] {processor.py:914} INFO - Processing file /opt/airflow/dags/market_elt_pipeline.py for tasks to queue
[2026-10-05T09:52:56.587+0000] {logging_mixin.py:190} INFO - [2026-10-05T09:52:56.586+0000] {dagbag.py:588} INFO - Filling up the DagBag from /opt/airflow/dags/market_elt_pipeline.py
[2026-10-05T09:52:56.619+0000] {processor.py:925} INFO - DAG(s) 'market_data_elt_pipeline' retrieved from /opt/airflow/dags/market_elt_pipeline.py
[2026-10-05T09:52:56.675+0000] {logging_mixin.py:190} INFO - [2026-10-05T09:52:56.675+0000] {dag.py:3239} INFO - Sync 1 DAGs
[2026-10-05T09:52:56.708+0000] {logging_mixin.py:190} INFO - [2026-10-05T09:52:56.708+0000] {dag.py:4180} INFO - Setting next_dagrun for market_data_elt_pipeline to 2026-10-05 00:00:00+00:00, run_after=2026-10-06 00:00:00+00:00
[2026-10-05T09:52:56.733+0000] {processor.py:208} INFO - Processing /opt/airflow/dags/market_elt_pipeline.py took 0.192 seconds
[2026-10-05T09:53:26.889+0000] {processor.py:186} INFO - Started process (PID=343) to work on /opt/airflow/dags/market_elt_pipeline.py
[2026-10-05T09:53:26.890+0000] {processor.py:914} INFO - Processing file /opt/airflow/dags/market_elt_pipeline.py for tasks to queue
[2026-10-05T09:53:26.893+0000] {logging_mixin.py:190} INFO - [2026-10-05T09:53:26.893+0000] {dagbag.py:588} INFO - Filling up the DagBag from /opt/airflow/dags/market_elt_pipeline.py
[2026-10-05T09:53:26.918+0000] {processor.py:925} INFO - DAG(s) 'market_data_elt_pipeline' retrieved from /opt/airflow/dags/market_elt_pipeline.py
[2026-10-05T09:53:26.961+0000] {logging_mixin.py:190} INFO - [2026-10-05T09:53:26.961+0000] {dag.py:3239} INFO - Sync 1 DAGs
[2026-10-05T09:53:26.991+0000] {logging_mixin.py:190} INFO - [2026-10-05T09:53:26.991+0000] {dag.py:4180} INFO - Setting next_dagrun for market_data_elt_pipeline to 2026-10-05 00:00:00+00:00, run_after=2026-10-06 00:00:00+00:00
[2026-10-05T09:53:27.022+0000] {processor.py:208} INFO - Processing /opt/airflow/dags/market_elt_pipeline.py took 0.141 seconds
[2026-10-05T09:53:57.491+0000] {processor.py:186} INFO - Started process (PID=348) to work on /opt/airflow/dags/market_elt_pipeline.py
[2026-10-05T09:53:57.497+0000] {processor.py:914} INFO - Processing file /opt/airflow/dags/market_elt_pipeline.py for tasks to queue
[2026-10-05T09:53:57.514+0000] {logging_mixin.py:190} INFO - [2026-10-05T09:53:57.513+0000] {dagbag.py:588} INFO - Filling up the DagBag from /opt/airflow/dags/market_elt_pipeline.py
[2026-10-05T09:53:57.698+0000] {processor.py:925} INFO - DAG(s) 'market_data_elt_pipeline' retrieved from /opt/airflow/dags/market_elt_pipeline.py
[2026-10-05T09:53:58.238+0000] {logging_mixin.py:190} INFO - [2026-10-05T09:53:58.238+0000] {dag.py:3239} INFO - Sync 1 DAGs
[2026-10-05T09:53:58.345+0000] {logging_mixin.py:190} INFO - [2026-10-05T09:53:58.345+0000] {dag.py:4180} INFO - Setting next_dagrun for market_data_elt_pipeline to 2026-10-05 00:00:00+00:00, run_after=2026-10-06 00:00:00+00:00
[2026-10-05T09:53:58.393+0000] {processor.py:208} INFO - Processing /opt/airflow/dags/market_elt_pipeline.py took 0.948 seconds
[2026-10-05T09:54:28.696+0000] {processor.py:186} INFO - Started process (PID=353) to work on /opt/airflow/dags/market_elt_pipeline.py
[2026-10-05T09:54:28.699+0000] {processor.py:914} INFO - Processing file /opt/airflow/dags/market_elt_pipeline.py for tasks to queue
[2026-10-05T09:54:28.702+0000] {logging_mixin.py:190} INFO - [2026-10-05T09:54:28.702+0000] {dagbag.py:588} INFO - Filling up the DagBag from /opt/airflow/dags/market_elt_pipeline.py
[2026-10-05T09:54:28.726+0000] {processor.py:925} INFO - DAG(s) 'market_data_elt_pipeline' retrieved from /opt/airflow/dags/market_elt_pipeline.py
[2026-10-05T09:54:28.770+0000] {logging_mixin.py:190} INFO - [2026-10-05T09:54:28.770+0000] {dag.py:3239} INFO - Sync 1 DAGs
[2026-10-05T09:54:28.958+0000] {logging_mixin.py:190} INFO - [2026-10-05T09:54:28.957+0000] {dag.py:4180} INFO - Setting next_dagrun for market_data_elt_pipeline to 2026-10-05 00:00:00+00:00, run_after=2026-10-06 00:00:00+00:00
[2026-10-05T09:54:29.143+0000] {processor.py:208} INFO - Processing /opt/airflow/dags/market_elt_pipeline.py took 0.453 seconds
[2026-10-05T09:54:59.516+0000] {processor.py:186} INFO - Started process (PID=358) to work on /opt/airflow/dags/market_elt_pipeline.py
[2026-10-05T09:54:59.519+0000] {processor.py:914} INFO - Processing file /opt/airflow/dags/market_elt_pipeline.py for tasks to queue
[2026-10-05T09:54:59.533+0000] {logging_mixin.py:190} INFO - [2026-10-05T09:54:59.532+0000] {dagbag.py:588} INFO - Filling up the DagBag from /opt/airflow/dags/market_elt_pipeline.py
[2026-10-05T09:54:59.572+0000] {processor.py:925} INFO - DAG(s) 'market_data_elt_pipeline' retrieved from /opt/airflow/dags/market_elt_pipeline.py
[2026-10-05T09:54:59.626+0000] {logging_mixin.py:190} INFO - [2026-10-05T09:54:59.626+0000] {dag.py:3239} INFO - Sync 1 DAGs
[2026-10-05T09:54:59.670+0000] {logging_mixin.py:190} INFO - [2026-10-05T09:54:59.670+0000] {dag.py:4180} INFO - Setting next_dagrun for market_data_elt_pipeline to 2026-10-05 00:00:00+00:00, run_after=2026-10-06 00:00:00+00:00
[2026-10-05T09:54:59.701+0000] {processor.py:208} INFO - Processing /opt/airflow/dags/market_elt_pipeline.py took 0.245 seconds
[2026-10-05T09:55:30.102+0000] {processor.py:186} INFO - Started process (PID=363) to work on /opt/airflow/dags/market_elt_pipeline.py
[2026-10-05T09:55:30.106+0000] {processor.py:914} INFO - Processing file /opt/airflow/dags/market_elt_pipeline.py for tasks to queue
[2026-10-05T09:55:30.110+0000] {logging_mixin.py:190} INFO - [2026-10-05T09:55:30.109+0000] {dagbag.py:588} INFO - Filling up the DagBag from /opt/airflow/dags/market_elt_pipeline.py
[2026-10-05T09:55:30.143+0000] {processor.py:925} INFO - DAG(s) 'market_data_elt_pipeline' retrieved from /opt/airflow/dags/market_elt_pipeline.py
[2026-10-05T09:55:30.192+0000] {logging_mixin.py:190} INFO - [2026-10-05T09:55:30.192+0000] {dag.py:3239} INFO - Sync 1 DAGs
[2026-10-05T09:55:30.223+0000] {logging_mixin.py:190} INFO - [2026-10-05T09:55:30.222+0000] {dag.py:4180} INFO - Setting next_dagrun for market_data_elt_pipeline to 2026-10-05 00:00:00+00:00, run_after=2026-10-06 00:00:00+00:00
[2026-10-05T09:55:30.247+0000] {processor.py:208} INFO - Processing /opt/airflow/dags/market_elt_pipeline.py took 0.157 seconds
[2026-10-05T09:56:00.351+0000] {processor.py:186} INFO - Started process (PID=368) to work on /opt/airflow/dags/market_elt_pipeline.py
[2026-10-05T09:56:00.352+0000] {processor.py:914} INFO - Processing file /opt/airflow/dags/market_elt_pipeline.py for tasks to queue
[2026-10-05T09:56:00.355+0000] {logging_mixin.py:190} INFO - [2026-10-05T09:56:00.355+0000] {dagbag.py:588} INFO - Filling up the DagBag from /opt/airflow/dags/market_elt_pipeline.py
[2026-10-05T09:56:00.381+0000] {processor.py:925} INFO - DAG(s) 'market_data_elt_pipeline' retrieved from /opt/airflow/dags/market_elt_pipeline.py
[2026-10-05T09:56:00.434+0000] {logging_mixin.py:190} INFO - [2026-10-05T09:56:00.434+0000] {dag.py:3239} INFO - Sync 1 DAGs
[2026-10-05T09:56:00.467+0000] {logging_mixin.py:190} INFO - [2026-10-05T09:56:00.467+0000] {dag.py:4180} INFO - Setting next_dagrun for market_data_elt_pipeline to 2026-10-05 00:00:00+00:00, run_after=2026-10-06 00:00:00+00:00
[2026-10-05T09:56:00.503+0000] {processor.py:208} INFO - Processing /opt/airflow/dags/market_elt_pipeline.py took 0.158 seconds
[2026-10-05T09:56:30.616+0000] {processor.py:186} INFO - Started process (PID=373) to work on /opt/airflow/dags/market_elt_pipeline.py
[2026-10-05T09:56:30.617+0000] {processor.py:914} INFO - Processing file /opt/airflow/dags/market_elt_pipeline.py for tasks to queue
[2026-10-05T09:56:30.621+0000] {logging_mixin.py:190} INFO - [2026-10-05T09:56:30.619+0000] {dagbag.py:588} INFO - Filling up the DagBag from /opt/airflow/dags/market_elt_pipeline.py
[2026-10-05T09:56:30.644+0000] {processor.py:925} INFO - DAG(s) 'market_data_elt_pipeline' retrieved from /opt/airflow/dags/market_elt_pipeline.py
[2026-10-05T09:56:30.693+0000] {logging_mixin.py:190} INFO - [2026-10-05T09:56:30.692+0000] {dag.py:3239} INFO - Sync 1 DAGs
[2026-10-05T09:56:30.722+0000] {logging_mixin.py:190} INFO - [2026-10-05T09:56:30.721+0000] {dag.py:4180} INFO - Setting next_dagrun for market_data_elt_pipeline to 2026-10-05 00:00:00+00:00, run_after=2026-10-06 00:00:00+00:00
[2026-10-05T09:56:30.743+0000] {processor.py:208} INFO - Processing /opt/airflow/dags/market_elt_pipeline.py took 0.134 seconds
[2026-10-05T09:57:00.879+0000] {processor.py:186} INFO - Started process (PID=378) to work on /opt/airflow/dags/market_elt_pipeline.py
[2026-10-05T09:57:00.880+0000] {processor.py:914} INFO - Processing file /opt/airflow/dags/market_elt_pipeline.py for tasks to queue
[2026-10-05T09:57:00.884+0000] {logging_mixin.py:190} INFO - [2026-10-05T09:57:00.883+0000] {dagbag.py:588} INFO - Filling up the DagBag from /opt/airflow/dags/market_elt_pipeline.py
[2026-10-05T09:57:00.908+0000] {processor.py:925} INFO - DAG(s) 'market_data_elt_pipeline' retrieved from /opt/airflow/dags/market_elt_pipeline.py
[2026-10-05T09:57:00.954+0000] {logging_mixin.py:190} INFO - [2026-10-05T09:57:00.954+0000] {dag.py:3239} INFO - Sync 1 DAGs
[2026-10-05T09:57:00.982+0000] {logging_mixin.py:190} INFO - [2026-10-05T09:57:00.982+0000] {dag.py:4180} INFO - Setting next_dagrun for market_data_elt_pipeline to 2026-10-05 00:00:00+00:00, run_after=2026-10-06 00:00:00+00:00
[2026-10-05T09:57:01.004+0000] {processor.py:208} INFO - Processing /opt/airflow/dags/market_elt_pipeline.py took 0.134 seconds
[2026-10-05T09:57:31.234+0000] {processor.py:186} INFO - Started process (PID=383) to work on /opt/airflow/dags/market_elt_pipeline.py
[2026-10-05T09:57:31.235+0000] {processor.py:914} INFO - Processing file /opt/airflow/dags/market_elt_pipeline.py for tasks to queue
[2026-10-05T09:57:31.238+0000] {logging_mixin.py:190} INFO - [2026-10-05T09:57:31.237+0000] {dagbag.py:588} INFO - Filling up the DagBag from /opt/airflow/dags/market_elt_pipeline.py
[2026-10-05T09:57:31.262+0000] {processor.py:925} INFO - DAG(s) 'market_data_elt_pipeline' retrieved from /opt/airflow/dags/market_elt_pipeline.py
[2026-10-05T09:57:31.298+0000] {logging_mixin.py:190} INFO - [2026-10-05T09:57:31.298+0000] {dag.py:3239} INFO - Sync 1 DAGs
[2026-10-05T09:57:31.327+0000] {logging_mixin.py:190} INFO - [2026-10-05T09:57:31.326+0000] {dag.py:4180} INFO - Setting next_dagrun for market_data_elt_pipeline to 2026-10-05 00:00:00+00:00, run_after=2026-10-06 00:00:00+00:00
[2026-10-05T09:57:31.348+0000] {processor.py:208} INFO - Processing /opt/airflow/dags/market_elt_pipeline.py took 0.120 seconds
[2026-10-05T09:58:01.488+0000] {processor.py:186} INFO - Started process (PID=388) to work on /opt/airflow/dags/market_elt_pipeline.py
[2026-10-05T09:58:01.490+0000] {processor.py:914} INFO - Processing file /opt/airflow/dags/market_elt_pipeline.py for tasks to queue
[2026-10-05T09:58:01.494+0000] {logging_mixin.py:190} INFO - [2026-10-05T09:58:01.493+0000] {dagbag.py:588} INFO - Filling up the DagBag from /opt/airflow/dags/market_elt_pipeline.py
[2026-10-05T09:58:01.515+0000] {processor.py:925} INFO - DAG(s) 'market_data_elt_pipeline' retrieved from /opt/airflow/dags/market_elt_pipeline.py
[2026-10-05T09:58:01.565+0000] {logging_mixin.py:190} INFO - [2026-10-05T09:58:01.565+0000] {dag.py:3239} INFO - Sync 1 DAGs
[2026-10-05T09:58:01.598+0000] {logging_mixin.py:190} INFO - [2026-10-05T09:58:01.598+0000] {dag.py:4180} INFO - Setting next_dagrun for market_data_elt_pipeline to 2026-10-05 00:00:00+00:00, run_after=2026-10-06 00:00:00+00:00
[2026-10-05T09:58:01.631+0000] {processor.py:208} INFO - Processing /opt/airflow/dags/market_elt_pipeline.py took 0.150 seconds
[2026-10-05T09:58:31.873+0000] {processor.py:186} INFO - Started process (PID=393) to work on /opt/airflow/dags/market_elt_pipeline.py
[2026-10-05T09:58:31.876+0000] {processor.py:914} INFO - Processing file /opt/airflow/dags/market_elt_pipeline.py for tasks to queue
[2026-10-05T09:58:31.879+0000] {logging_mixin.py:190} INFO - [2026-10-05T09:58:31.879+0000] {dagbag.py:588} INFO - Filling up the DagBag from /opt/airflow/dags/market_elt_pipeline.py
[2026-10-05T09:58:31.906+0000] {processor.py:925} INFO - DAG(s) 'market_data_elt_pipeline' retrieved from /opt/airflow/dags/market_elt_pipeline.py
[2026-10-05T09:58:31.941+0000] {logging_mixin.py:190} INFO - [2026-10-05T09:58:31.941+0000] {dag.py:3239} INFO - Sync 1 DAGs
[2026-10-05T09:58:31.965+0000] {logging_mixin.py:190} INFO - [2026-10-05T09:58:31.965+0000] {dag.py:4180} INFO - Setting next_dagrun for market_data_elt_pipeline to 2026-10-05 00:00:00+00:00, run_after=2026-10-06 00:00:00+00:00
[2026-10-05T09:58:31.989+0000] {processor.py:208} INFO - Processing /opt/airflow/dags/market_elt_pipeline.py took 0.122 seconds
[2026-10-05T09:59:02.173+0000] {processor.py:186} INFO - Started process (PID=398) to work on /opt/airflow/dags/market_elt_pipeline.py
[2026-10-05T09:59:02.176+0000] {processor.py:914} INFO - Processing file /opt/airflow/dags/market_elt_pipeline.py for tasks to queue
[2026-10-05T09:59:02.178+0000] {logging_mixin.py:190} INFO - [2026-10-05T09:59:02.178+0000] {dagbag.py:588} INFO - Filling up the DagBag from /opt/airflow/dags/market_elt_pipeline.py
[2026-10-05T09:59:02.200+0000] {processor.py:925} INFO - DAG(s) 'market_data_elt_pipeline' retrieved from /opt/airflow/dags/market_elt_pipeline.py
[2026-10-05T09:59:02.236+0000] {logging_mixin.py:190} INFO - [2026-10-05T09:59:02.236+0000] {dag.py:3239} INFO - Sync 1 DAGs
[2026-10-05T09:59:02.267+0000] {logging_mixin.py:190} INFO - [2026-10-05T09:59:02.267+0000] {dag.py:4180} INFO - Setting next_dagrun for market_data_elt_pipeline to 2026-10-05 00:00:00+00:00, run_after=2026-10-06 00:00:00+00:00
[2026-10-05T09:59:02.295+0000] {processor.py:208} INFO - Processing /opt/airflow/dags/market_elt_pipeline.py took 0.129 seconds
[2026-10-05T09:59:32.506+0000] {processor.py:186} INFO - Started process (PID=403) to work on /opt/airflow/dags/market_elt_pipeline.py
[2026-10-05T09:59:32.507+0000] {processor.py:914} INFO - Processing file /opt/airflow/dags/market_elt_pipeline.py for tasks to queue
[2026-10-05T09:59:32.511+0000] {logging_mixin.py:190} INFO - [2026-10-05T09:59:32.511+0000] {dagbag.py:588} INFO - Filling up the DagBag from /opt/airflow/dags/market_elt_pipeline.py
[2026-10-05T09:59:32.535+0000] {processor.py:925} INFO - DAG(s) 'market_data_elt_pipeline' retrieved from /opt/airflow/dags/market_elt_pipeline.py
[2026-10-05T09:59:32.570+0000] {logging_mixin.py:190} INFO - [2026-10-05T09:59:32.569+0000] {dag.py:3239} INFO - Sync 1 DAGs
[2026-10-05T09:59:32.599+0000] {logging_mixin.py:190} INFO - [2026-10-05T09:59:32.598+0000] {dag.py:4180} INFO - Setting next_dagrun for market_data_elt_pipeline to 2026-10-05 00:00:00+00:00, run_after=2026-10-06 00:00:00+00:00
[2026-10-05T09:59:32.619+0000] {processor.py:208} INFO - Processing /opt/airflow/dags/market_elt_pipeline.py took 0.120 seconds
[2026-10-05T10:00:02.786+0000] {processor.py:186} INFO - Started process (PID=408) to work on /opt/airflow/dags/market_elt_pipeline.py
[2026-10-05T10:00:02.788+0000] {processor.py:914} INFO - Processing file /opt/airflow/dags/market_elt_pipeline.py for tasks to queue
[2026-10-05T10:00:02.790+0000] {logging_mixin.py:190} INFO - [2026-10-05T10:00:02.790+0000] {dagbag.py:588} INFO - Filling up the DagBag from /opt/airflow/dags/market_elt_pipeline.py
[2026-10-05T10:00:02.820+0000] {processor.py:925} INFO - DAG(s) 'market_data_elt_pipeline' retrieved from /opt/airflow/dags/market_elt_pipeline.py
[2026-10-05T10:00:02.874+0000] {logging_mixin.py:190} INFO - [2026-10-05T10:00:02.874+0000] {dag.py:3239} INFO - Sync 1 DAGs
[2026-10-05T10:00:02.926+0000] {logging_mixin.py:190} INFO - [2026-10-05T10:00:02.926+0000] {dag.py:4180} INFO - Setting next_dagrun for market_data_elt_pipeline to 2026-10-05 00:00:00+00:00, run_after=2026-10-06 00:00:00+00:00
[2026-10-05T10:00:02.963+0000] {processor.py:208} INFO - Processing /opt/airflow/dags/market_elt_pipeline.py took 0.185 seconds
[2026-10-05T10:00:33.223+0000] {processor.py:186} INFO - Started process (PID=427) to work on /opt/airflow/dags/market_elt_pipeline.py
[2026-10-05T10:00:33.235+0000] {processor.py:914} INFO - Processing file /opt/airflow/dags/market_elt_pipeline.py for tasks to queue
[2026-10-05T10:00:33.266+0000] {logging_mixin.py:190} INFO - [2026-10-05T10:00:33.262+0000] {dagbag.py:588} INFO - Filling up the DagBag from /opt/airflow/dags/market_elt_pipeline.py
[2026-10-05T10:00:33.474+0000] {processor.py:925} INFO - DAG(s) 'market_data_elt_pipeline' retrieved from /opt/airflow/dags/market_elt_pipeline.py
[2026-10-05T10:00:33.658+0000] {logging_mixin.py:190} INFO - [2026-10-05T10:00:33.658+0000] {dag.py:3239} INFO - Sync 1 DAGs
[2026-10-05T10:00:33.698+0000] {logging_mixin.py:190} INFO - [2026-10-05T10:00:33.697+0000] {dag.py:4180} INFO - Setting next_dagrun for market_data_elt_pipeline to 2026-10-05 00:00:00+00:00, run_after=2026-10-06 00:00:00+00:00
[2026-10-05T10:00:33.909+0000] {processor.py:208} INFO - Processing /opt/airflow/dags/market_elt_pipeline.py took 0.760 seconds
[2026-10-05T10:01:04.310+0000] {processor.py:186} INFO - Started process (PID=436) to work on /opt/airflow/dags/market_elt_pipeline.py
[2026-10-05T10:01:04.312+0000] {processor.py:914} INFO - Processing file /opt/airflow/dags/market_elt_pipeline.py for tasks to queue
[2026-10-05T10:01:04.335+0000] {logging_mixin.py:190} INFO - [2026-10-05T10:01:04.334+0000] {dagbag.py:588} INFO - Filling up the DagBag from /opt/airflow/dags/market_elt_pipeline.py
[2026-10-05T10:01:04.372+0000] {processor.py:925} INFO - DAG(s) 'market_data_elt_pipeline' retrieved from /opt/airflow/dags/market_elt_pipeline.py
[2026-10-05T10:01:04.420+0000] {logging_mixin.py:190} INFO - [2026-10-05T10:01:04.420+0000] {dag.py:3239} INFO - Sync 1 DAGs
[2026-10-05T10:01:04.449+0000] {logging_mixin.py:190} INFO - [2026-10-05T10:01:04.449+0000] {dag.py:4180} INFO - Setting next_dagrun for market_data_elt_pipeline to 2026-10-05 00:00:00+00:00, run_after=2026-10-06 00:00:00+00:00
[2026-10-05T10:01:04.471+0000] {processor.py:208} INFO - Processing /opt/airflow/dags/market_elt_pipeline.py took 0.178 seconds
[2026-10-05T10:01:34.576+0000] {processor.py:186} INFO - Started process (PID=441) to work on /opt/airflow/dags/market_elt_pipeline.py
[2026-10-05T10:01:34.579+0000] {processor.py:914} INFO - Processing file /opt/airflow/dags/market_elt_pipeline.py for tasks to queue
[2026-10-05T10:01:34.585+0000] {logging_mixin.py:190} INFO - [2026-10-05T10:01:34.585+0000] {dagbag.py:588} INFO - Filling up the DagBag from /opt/airflow/dags/market_elt_pipeline.py
[2026-10-05T10:01:34.619+0000] {processor.py:925} INFO - DAG(s) 'market_data_elt_pipeline' retrieved from /opt/airflow/dags/market_elt_pipeline.py
[2026-10-05T10:01:34.667+0000] {logging_mixin.py:190} INFO - [2026-10-05T10:01:34.666+0000] {dag.py:3239} INFO - Sync 1 DAGs
[2026-10-05T10:01:34.700+0000] {logging_mixin.py:190} INFO - [2026-10-05T10:01:34.699+0000] {dag.py:4180} INFO - Setting next_dagrun for market_data_elt_pipeline to 2026-10-05 00:00:00+00:00, run_after=2026-10-06 00:00:00+00:00
[2026-10-05T10:01:34.722+0000] {processor.py:208} INFO - Processing /opt/airflow/dags/market_elt_pipeline.py took 0.158 seconds
[2026-10-05T10:02:05.038+0000] {processor.py:186} INFO - Started process (PID=446) to work on /opt/airflow/dags/market_elt_pipeline.py
[2026-10-05T10:02:05.039+0000] {processor.py:914} INFO - Processing file /opt/airflow/dags/market_elt_pipeline.py for tasks to queue
[2026-10-05T10:02:05.042+0000] {logging_mixin.py:190} INFO - [2026-10-05T10:02:05.042+0000] {dagbag.py:588} INFO - Filling up the DagBag from /opt/airflow/dags/market_elt_pipeline.py
[2026-10-05T10:02:05.067+0000] {processor.py:925} INFO - DAG(s) 'market_data_elt_pipeline' retrieved from /opt/airflow/dags/market_elt_pipeline.py
[2026-10-05T10:02:05.105+0000] {logging_mixin.py:190} INFO - [2026-10-05T10:02:05.105+0000] {dag.py:3239} INFO - Sync 1 DAGs
[2026-10-05T10:02:05.137+0000] {logging_mixin.py:190} INFO - [2026-10-05T10:02:05.137+0000] {dag.py:4180} INFO - Setting next_dagrun for market_data_elt_pipeline to 2026-10-05 00:00:00+00:00, run_after=2026-10-06 00:00:00+00:00
[2026-10-05T10:02:05.163+0000] {processor.py:208} INFO - Processing /opt/airflow/dags/market_elt_pipeline.py took 0.136 seconds
[2026-10-05T10:02:35.282+0000] {processor.py:186} INFO - Started process (PID=451) to work on /opt/airflow/dags/market_elt_pipeline.py
[2026-10-05T10:02:35.284+0000] {processor.py:914} INFO - Processing file /opt/airflow/dags/market_elt_pipeline.py for tasks to queue
[2026-10-05T10:02:35.286+0000] {logging_mixin.py:190} INFO - [2026-10-05T10:02:35.286+0000] {dagbag.py:588} INFO - Filling up the DagBag from /opt/airflow/dags/market_elt_pipeline.py
[2026-10-05T10:02:35.307+0000] {processor.py:925} INFO - DAG(s) 'market_data_elt_pipeline' retrieved from /opt/airflow/dags/market_elt_pipeline.py
[2026-10-05T10:02:35.344+0000] {logging_mixin.py:190} INFO - [2026-10-05T10:02:35.343+0000] {dag.py:3239} INFO - Sync 1 DAGs
[2026-10-05T10:02:35.373+0000] {logging_mixin.py:190} INFO - [2026-10-05T10:02:35.373+0000] {dag.py:4180} INFO - Setting next_dagrun for market_data_elt_pipeline to 2026-10-05 00:00:00+00:00, run_after=2026-10-06 00:00:00+00:00
[2026-10-05T10:02:35.396+0000] {processor.py:208} INFO - Processing /opt/airflow/dags/market_elt_pipeline.py took 0.122 seconds
[2026-10-05T10:03:05.667+0000] {processor.py:186} INFO - Started process (PID=456) to work on /opt/airflow/dags/market_elt_pipeline.py
[2026-10-05T10:03:05.669+0000] {processor.py:914} INFO - Processing file /opt/airflow/dags/market_elt_pipeline.py for tasks to queue
[2026-10-05T10:03:05.671+0000] {logging_mixin.py:190} INFO - [2026-10-05T10:03:05.671+0000] {dagbag.py:588} INFO - Filling up the DagBag from /opt/airflow/dags/market_elt_pipeline.py
[2026-10-05T10:03:05.691+0000] {processor.py:925} INFO - DAG(s) 'market_data_elt_pipeline' retrieved from /opt/airflow/dags/market_elt_pipeline.py
[2026-10-05T10:03:05.728+0000] {logging_mixin.py:190} INFO - [2026-10-05T10:03:05.727+0000] {dag.py:3239} INFO - Sync 1 DAGs
[2026-10-05T10:03:05.756+0000] {logging_mixin.py:190} INFO - [2026-10-05T10:03:05.755+0000] {dag.py:4180} INFO - Setting next_dagrun for market_data_elt_pipeline to 2026-10-05 00:00:00+00:00, run_after=2026-10-06 00:00:00+00:00
[2026-10-05T10:03:05.777+0000] {processor.py:208} INFO - Processing /opt/airflow/dags/market_elt_pipeline.py took 0.117 seconds
[2026-10-05T10:03:35.924+0000] {processor.py:186} INFO - Started process (PID=461) to work on /opt/airflow/dags/market_elt_pipeline.py
[2026-10-05T10:03:35.925+0000] {processor.py:914} INFO - Processing file /opt/airflow/dags/market_elt_pipeline.py for tasks to queue
[2026-10-05T10:03:35.928+0000] {logging_mixin.py:190} INFO - [2026-10-05T10:03:35.928+0000] {dagbag.py:588} INFO - Filling up the DagBag from /opt/airflow/dags/market_elt_pipeline.py
[2026-10-05T10:03:35.950+0000] {processor.py:925} INFO - DAG(s) 'market_data_elt_pipeline' retrieved from /opt/airflow/dags/market_elt_pipeline.py
[2026-10-05T10:03:35.986+0000] {logging_mixin.py:190} INFO - [2026-10-05T10:03:35.986+0000] {dag.py:3239} INFO - Sync 1 DAGs
[2026-10-05T10:03:36.012+0000] {logging_mixin.py:190} INFO - [2026-10-05T10:03:36.012+0000] {dag.py:4180} INFO - Setting next_dagrun for market_data_elt_pipeline to 2026-10-05 00:00:00+00:00, run_after=2026-10-06 00:00:00+00:00
[2026-10-05T10:03:36.034+0000] {processor.py:208} INFO - Processing /opt/airflow/dags/market_elt_pipeline.py took 0.117 seconds
[2026-10-05T10:04:06.270+0000] {processor.py:186} INFO - Started process (PID=466) to work on /opt/airflow/dags/market_elt_pipeline.py
[2026-10-05T10:04:06.271+0000] {processor.py:914} INFO - Processing file /opt/airflow/dags/market_elt_pipeline.py for tasks to queue
[2026-10-05T10:04:06.274+0000] {logging_mixin.py:190} INFO - [2026-10-05T10:04:06.273+0000] {dagbag.py:588} INFO - Filling up the DagBag from /opt/airflow/dags/market_elt_pipeline.py
[2026-10-05T10:04:06.294+0000] {processor.py:925} INFO - DAG(s) 'market_data_elt_pipeline' retrieved from /opt/airflow/dags/market_elt_pipeline.py
[2026-10-05T10:04:06.331+0000] {logging_mixin.py:190} INFO - [2026-10-05T10:04:06.331+0000] {dag.py:3239} INFO - Sync 1 DAGs
[2026-10-05T10:04:06.359+0000] {logging_mixin.py:190} INFO - [2026-10-05T10:04:06.358+0000] {dag.py:4180} INFO - Setting next_dagrun for market_data_elt_pipeline to 2026-10-05 00:00:00+00:00, run_after=2026-10-06 00:00:00+00:00
[2026-10-05T10:04:06.384+0000] {processor.py:208} INFO - Processing /opt/airflow/dags/market_elt_pipeline.py took 0.121 seconds
[2026-10-05T10:04:36.491+0000] {processor.py:186} INFO - Started process (PID=471) to work on /opt/airflow/dags/market_elt_pipeline.py
[2026-10-05T10:04:36.492+0000] {processor.py:914} INFO - Processing file /opt/airflow/dags/market_elt_pipeline.py for tasks to queue
[2026-10-05T10:04:36.495+0000] {logging_mixin.py:190} INFO - [2026-10-05T10:04:36.494+0000] {dagbag.py:588} INFO - Filling up the DagBag from /opt/airflow/dags/market_elt_pipeline.py
[2026-10-05T10:04:36.518+0000] {processor.py:925} INFO - DAG(s) 'market_data_elt_pipeline' retrieved from /opt/airflow/dags/market_elt_pipeline.py
[2026-10-05T10:04:36.554+0000] {logging_mixin.py:190} INFO - [2026-10-05T10:04:36.554+0000] {dag.py:3239} INFO - Sync 1 DAGs
[2026-10-05T10:04:36.581+0000] {logging_mixin.py:190} INFO - [2026-10-05T10:04:36.581+0000] {dag.py:4180} INFO - Setting next_dagrun for market_data_elt_pipeline to 2026-10-05 00:00:00+00:00, run_after=2026-10-06 00:00:00+00:00
[2026-10-05T10:04:36.604+0000] {processor.py:208} INFO - Processing /opt/airflow/dags/market_elt_pipeline.py took 0.120 seconds
[2026-10-05T10:05:06.859+0000] {processor.py:186} INFO - Started process (PID=476) to work on /opt/airflow/dags/market_elt_pipeline.py
[2026-10-05T10:05:06.860+0000] {processor.py:914} INFO - Processing file /opt/airflow/dags/market_elt_pipeline.py for tasks to queue
[2026-10-05T10:05:06.863+0000] {logging_mixin.py:190} INFO - [2026-10-05T10:05:06.863+0000] {dagbag.py:588} INFO - Filling up the DagBag from /opt/airflow/dags/market_elt_pipeline.py
[2026-10-05T10:05:06.884+0000] {processor.py:925} INFO - DAG(s) 'market_data_elt_pipeline' retrieved from /opt/airflow/dags/market_elt_pipeline.py
[2026-10-05T10:05:06.918+0000] {logging_mixin.py:190} INFO - [2026-10-05T10:05:06.918+0000] {dag.py:3239} INFO - Sync 1 DAGs
[2026-10-05T10:05:06.945+0000] {logging_mixin.py:190} INFO - [2026-10-05T10:05:06.945+0000] {dag.py:4180} INFO - Setting next_dagrun for market_data_elt_pipeline to 2026-10-05 00:00:00+00:00, run_after=2026-10-06 00:00:00+00:00
[2026-10-05T10:05:06.969+0000] {processor.py:208} INFO - Processing /opt/airflow/dags/market_elt_pipeline.py took 0.116 seconds
[2026-10-05T10:05:37.232+0000] {processor.py:186} INFO - Started process (PID=481) to work on /opt/airflow/dags/market_elt_pipeline.py
[2026-10-05T10:05:37.235+0000] {processor.py:914} INFO - Processing file /opt/airflow/dags/market_elt_pipeline.py for tasks to queue
[2026-10-05T10:05:37.240+0000] {logging_mixin.py:190} INFO - [2026-10-05T10:05:37.240+0000] {dagbag.py:588} INFO - Filling up the DagBag from /opt/airflow/dags/market_elt_pipeline.py
[2026-10-05T10:05:37.274+0000] {processor.py:925} INFO - DAG(s) 'market_data_elt_pipeline' retrieved from /opt/airflow/dags/market_elt_pipeline.py
[2026-10-05T10:05:37.335+0000] {logging_mixin.py:190} INFO - [2026-10-05T10:05:37.334+0000] {dag.py:3239} INFO - Sync 1 DAGs
[2026-10-05T10:05:37.408+0000] {logging_mixin.py:190} INFO - [2026-10-05T10:05:37.407+0000] {dag.py:4180} INFO - Setting next_dagrun for market_data_elt_pipeline to 2026-10-05 00:00:00+00:00, run_after=2026-10-06 00:00:00+00:00
[2026-10-05T10:05:37.452+0000] {processor.py:208} INFO - Processing /opt/airflow/dags/market_elt_pipeline.py took 0.230 seconds
[2026-10-05T10:06:07.741+0000] {processor.py:186} INFO - Started process (PID=486) to work on /opt/airflow/dags/market_elt_pipeline.py
[2026-10-05T10:06:07.747+0000] {processor.py:914} INFO - Processing file /opt/airflow/dags/market_elt_pipeline.py for tasks to queue
[2026-10-05T10:06:07.763+0000] {logging_mixin.py:190} INFO - [2026-10-05T10:06:07.760+0000] {dagbag.py:588} INFO - Filling up the DagBag from /opt/airflow/dags/market_elt_pipeline.py
[2026-10-05T10:06:07.997+0000] {processor.py:925} INFO - DAG(s) 'market_data_elt_pipeline' retrieved from /opt/airflow/dags/market_elt_pipeline.py
[2026-10-05T10:06:08.088+0000] {logging_mixin.py:190} INFO - [2026-10-05T10:06:08.087+0000] {dag.py:3239} INFO - Sync 1 DAGs
[2026-10-05T10:06:08.169+0000] {logging_mixin.py:190} INFO - [2026-10-05T10:06:08.168+0000] {dag.py:4180} INFO - Setting next_dagrun for market_data_elt_pipeline to 2026-10-05 00:00:00+00:00, run_after=2026-10-06 00:00:00+00:00
[2026-10-05T10:06:08.227+0000] {processor.py:208} INFO - Processing /opt/airflow/dags/market_elt_pipeline.py took 0.528 seconds
[2026-10-05T10:06:39.053+0000] {processor.py:186} INFO - Started process (PID=491) to work on /opt/airflow/dags/market_elt_pipeline.py
[2026-10-05T10:06:39.060+0000] {processor.py:914} INFO - Processing file /opt/airflow/dags/market_elt_pipeline.py for tasks to queue
[2026-10-05T10:06:39.074+0000] {logging_mixin.py:190} INFO - [2026-10-05T10:06:39.073+0000] {dagbag.py:588} INFO - Filling up the DagBag from /opt/airflow/dags/market_elt_pipeline.py
[2026-10-05T10:06:39.151+0000] {processor.py:925} INFO - DAG(s) 'market_data_elt_pipeline' retrieved from /opt/airflow/dags/market_elt_pipeline.py
[2026-10-05T10:06:39.320+0000] {logging_mixin.py:190} INFO - [2026-10-05T10:06:39.319+0000] {dag.py:3239} INFO - Sync 1 DAGs
[2026-10-05T10:06:39.415+0000] {logging_mixin.py:190} INFO - [2026-10-05T10:06:39.415+0000] {dag.py:4180} INFO - Setting next_dagrun for market_data_elt_pipeline to 2026-10-05 00:00:00+00:00, run_after=2026-10-06 00:00:00+00:00
[2026-10-05T10:06:39.496+0000] {processor.py:208} INFO - Processing /opt/airflow/dags/market_elt_pipeline.py took 0.469 seconds
[2026-10-05T10:07:10.524+0000] {processor.py:186} INFO - Started process (PID=512) to work on /opt/airflow/dags/market_elt_pipeline.py
[2026-10-05T10:07:10.528+0000] {processor.py:914} INFO - Processing file /opt/airflow/dags/market_elt_pipeline.py for tasks to queue
[2026-10-05T10:07:10.554+0000] {logging_mixin.py:190} INFO - [2026-10-05T10:07:10.552+0000] {dagbag.py:588} INFO - Filling up the DagBag from /opt/airflow/dags/market_elt_pipeline.py
[2026-10-05T10:07:10.776+0000] {processor.py:925} INFO - DAG(s) 'market_data_elt_pipeline' retrieved from /opt/airflow/dags/market_elt_pipeline.py
[2026-10-05T10:07:11.304+0000] {logging_mixin.py:190} INFO - [2026-10-05T10:07:11.304+0000] {dag.py:3239} INFO - Sync 1 DAGs
[2026-10-05T10:07:11.418+0000] {logging_mixin.py:190} INFO - [2026-10-05T10:07:11.417+0000] {dag.py:4180} INFO - Setting next_dagrun for market_data_elt_pipeline to 2026-10-05 00:00:00+00:00, run_after=2026-10-06 00:00:00+00:00
[2026-10-05T10:07:11.497+0000] {processor.py:208} INFO - Processing /opt/airflow/dags/market_elt_pipeline.py took 1.048 seconds
[2026-10-05T10:07:41.857+0000] {processor.py:186} INFO - Started process (PID=535) to work on /opt/airflow/dags/market_elt_pipeline.py
[2026-10-05T10:07:41.859+0000] {processor.py:914} INFO - Processing file /opt/airflow/dags/market_elt_pipeline.py for tasks to queue
[2026-10-05T10:07:41.863+0000] {logging_mixin.py:190} INFO - [2026-10-05T10:07:41.862+0000] {dagbag.py:588} INFO - Filling up the DagBag from /opt/airflow/dags/market_elt_pipeline.py
[2026-10-05T10:07:41.902+0000] {processor.py:925} INFO - DAG(s) 'market_data_elt_pipeline' retrieved from /opt/airflow/dags/market_elt_pipeline.py
[2026-10-05T10:07:41.951+0000] {logging_mixin.py:190} INFO - [2026-10-05T10:07:41.950+0000] {dag.py:3239} INFO - Sync 1 DAGs
[2026-10-05T10:07:41.990+0000] {logging_mixin.py:190} INFO - [2026-10-05T10:07:41.989+0000] {dag.py:4180} INFO - Setting next_dagrun for market_data_elt_pipeline to 2026-10-05 00:00:00+00:00, run_after=2026-10-06 00:00:00+00:00
[2026-10-05T10:07:42.019+0000] {processor.py:208} INFO - Processing /opt/airflow/dags/market_elt_pipeline.py took 0.172 seconds
[2026-10-05T10:08:12.881+0000] {processor.py:186} INFO - Started process (PID=558) to work on /opt/airflow/dags/market_elt_pipeline.py
[2026-10-05T10:08:12.884+0000] {processor.py:914} INFO - Processing file /opt/airflow/dags/market_elt_pipeline.py for tasks to queue
[2026-10-05T10:08:12.889+0000] {logging_mixin.py:190} INFO - [2026-10-05T10:08:12.888+0000] {dagbag.py:588} INFO - Filling up the DagBag from /opt/airflow/dags/market_elt_pipeline.py
[2026-10-05T10:08:12.930+0000] {processor.py:925} INFO - DAG(s) 'market_data_elt_pipeline' retrieved from /opt/airflow/dags/market_elt_pipeline.py
[2026-10-05T10:08:12.979+0000] {logging_mixin.py:190} INFO - [2026-10-05T10:08:12.979+0000] {dag.py:3239} INFO - Sync 1 DAGs
[2026-10-05T10:08:13.033+0000] {logging_mixin.py:190} INFO - [2026-10-05T10:08:13.033+0000] {dag.py:4180} INFO - Setting next_dagrun for market_data_elt_pipeline to 2026-10-05 00:00:00+00:00, run_after=2026-10-06 00:00:00+00:00
[2026-10-05T10:08:13.062+0000] {processor.py:208} INFO - Processing /opt/airflow/dags/market_elt_pipeline.py took 0.192 seconds
[2026-10-05T10:08:43.262+0000] {processor.py:186} INFO - Started process (PID=564) to work on /opt/airflow/dags/market_elt_pipeline.py
[2026-10-05T10:08:43.265+0000] {processor.py:914} INFO - Processing file /opt/airflow/dags/market_elt_pipeline.py for tasks to queue
[2026-10-05T10:08:43.269+0000] {logging_mixin.py:190} INFO - [2026-10-05T10:08:43.269+0000] {dagbag.py:588} INFO - Filling up the DagBag from /opt/airflow/dags/market_elt_pipeline.py
[2026-10-05T10:08:43.306+0000] {processor.py:925} INFO - DAG(s) 'market_data_elt_pipeline' retrieved from /opt/airflow/dags/market_elt_pipeline.py
[2026-10-05T10:08:43.362+0000] {logging_mixin.py:190} INFO - [2026-10-05T10:08:43.362+0000] {dag.py:3239} INFO - Sync 1 DAGs
[2026-10-05T10:08:43.444+0000] {logging_mixin.py:190} INFO - [2026-10-05T10:08:43.444+0000] {dag.py:4180} INFO - Setting next_dagrun for market_data_elt_pipeline to 2026-10-05 00:00:00+00:00, run_after=2026-10-06 00:00:00+00:00
[2026-10-05T10:08:43.768+0000] {processor.py:208} INFO - Processing /opt/airflow/dags/market_elt_pipeline.py took 0.523 seconds
[2026-10-05T10:09:14.286+0000] {processor.py:186} INFO - Started process (PID=600) to work on /opt/airflow/dags/market_elt_pipeline.py
[2026-10-05T10:09:14.287+0000] {processor.py:914} INFO - Processing file /opt/airflow/dags/market_elt_pipeline.py for tasks to queue
[2026-10-05T10:09:14.293+0000] {logging_mixin.py:190} INFO - [2026-10-05T10:09:14.292+0000] {dagbag.py:588} INFO - Filling up the DagBag from /opt/airflow/dags/market_elt_pipeline.py
[2026-10-05T10:09:14.329+0000] {processor.py:925} INFO - DAG(s) 'market_data_elt_pipeline' retrieved from /opt/airflow/dags/market_elt_pipeline.py
[2026-10-05T10:09:14.392+0000] {logging_mixin.py:190} INFO - [2026-10-05T10:09:14.392+0000] {dag.py:3239} INFO - Sync 1 DAGs
[2026-10-05T10:09:14.434+0000] {logging_mixin.py:190} INFO - [2026-10-05T10:09:14.434+0000] {dag.py:4180} INFO - Setting next_dagrun for market_data_elt_pipeline to 2026-10-05 00:00:00+00:00, run_after=2026-10-06 00:00:00+00:00
[2026-10-05T10:09:14.470+0000] {processor.py:208} INFO - Processing /opt/airflow/dags/market_elt_pipeline.py took 0.195 seconds
[2026-10-05T10:09:46.190+0000] {processor.py:186} INFO - Started process (PID=605) to work on /opt/airflow/dags/market_elt_pipeline.py
[2026-10-05T10:09:46.256+0000] {processor.py:914} INFO - Processing file /opt/airflow/dags/market_elt_pipeline.py for tasks to queue
[2026-10-05T10:09:46.262+0000] {logging_mixin.py:190} INFO - [2026-10-05T10:09:46.260+0000] {dagbag.py:588} INFO - Filling up the DagBag from /opt/airflow/dags/market_elt_pipeline.py
[2026-10-05T10:09:46.319+0000] {processor.py:925} INFO - DAG(s) 'market_data_elt_pipeline' retrieved from /opt/airflow/dags/market_elt_pipeline.py
[2026-10-05T10:09:46.407+0000] {logging_mixin.py:190} INFO - [2026-10-05T10:09:46.406+0000] {dag.py:3239} INFO - Sync 1 DAGs
[2026-10-05T10:09:49.299+0000] {logging_mixin.py:190} INFO - [2026-10-05T10:09:49.298+0000] {dag.py:4180} INFO - Setting next_dagrun for market_data_elt_pipeline to 2026-10-05 00:00:00+00:00, run_after=2026-10-06 00:00:00+00:00
[2026-10-05T10:09:49.572+0000] {processor.py:208} INFO - Processing /opt/airflow/dags/market_elt_pipeline.py took 3.393 seconds
[2026-10-05T10:10:19.957+0000] {processor.py:186} INFO - Started process (PID=610) to work on /opt/airflow/dags/market_elt_pipeline.py
[2026-10-05T10:10:19.959+0000] {processor.py:914} INFO - Processing file /opt/airflow/dags/market_elt_pipeline.py for tasks to queue
[2026-10-05T10:10:19.963+0000] {logging_mixin.py:190} INFO - [2026-10-05T10:10:19.963+0000] {dagbag.py:588} INFO - Filling up the DagBag from /opt/airflow/dags/market_elt_pipeline.py
[2026-10-05T10:10:20.031+0000] {processor.py:925} INFO - DAG(s) 'market_data_elt_pipeline' retrieved from /opt/airflow/dags/market_elt_pipeline.py
[2026-10-05T10:10:20.126+0000] {logging_mixin.py:190} INFO - [2026-10-05T10:10:20.126+0000] {dag.py:3239} INFO - Sync 1 DAGs
[2026-10-05T10:10:20.169+0000] {logging_mixin.py:190} INFO - [2026-10-05T10:10:20.168+0000] {dag.py:4180} INFO - Setting next_dagrun for market_data_elt_pipeline to 2026-10-05 00:00:00+00:00, run_after=2026-10-06 00:00:00+00:00
[2026-10-05T10:10:20.208+0000] {processor.py:208} INFO - Processing /opt/airflow/dags/market_elt_pipeline.py took 0.277 seconds
[2026-10-05T10:10:50.467+0000] {processor.py:186} INFO - Started process (PID=615) to work on /opt/airflow/dags/market_elt_pipeline.py
[2026-10-05T10:10:50.469+0000] {processor.py:914} INFO - Processing file /opt/airflow/dags/market_elt_pipeline.py for tasks to queue
[2026-10-05T10:10:50.472+0000] {logging_mixin.py:190} INFO - [2026-10-05T10:10:50.472+0000] {dagbag.py:588} INFO - Filling up the DagBag from /opt/airflow/dags/market_elt_pipeline.py
[2026-10-05T10:10:50.497+0000] {processor.py:925} INFO - DAG(s) 'market_data_elt_pipeline' retrieved from /opt/airflow/dags/market_elt_pipeline.py
[2026-10-05T10:10:50.538+0000] {logging_mixin.py:190} INFO - [2026-10-05T10:10:50.538+0000] {dag.py:3239} INFO - Sync 1 DAGs
[2026-10-05T10:10:50.565+0000] {logging_mixin.py:190} INFO - [2026-10-05T10:10:50.565+0000] {dag.py:4180} INFO - Setting next_dagrun for market_data_elt_pipeline to 2026-10-05 00:00:00+00:00, run_after=2026-10-06 00:00:00+00:00
[2026-10-05T10:10:50.589+0000] {processor.py:208} INFO - Processing /opt/airflow/dags/market_elt_pipeline.py took 0.128 seconds
[2026-10-05T10:11:20.850+0000] {processor.py:186} INFO - Started process (PID=636) to work on /opt/airflow/dags/market_elt_pipeline.py
[2026-10-05T10:11:20.852+0000] {processor.py:914} INFO - Processing file /opt/airflow/dags/market_elt_pipeline.py for tasks to queue
[2026-10-05T10:11:20.854+0000] {logging_mixin.py:190} INFO - [2026-10-05T10:11:20.854+0000] {dagbag.py:588} INFO - Filling up the DagBag from /opt/airflow/dags/market_elt_pipeline.py
[2026-10-05T10:11:20.881+0000] {processor.py:925} INFO - DAG(s) 'market_data_elt_pipeline' retrieved from /opt/airflow/dags/market_elt_pipeline.py
[2026-10-05T10:11:20.915+0000] {logging_mixin.py:190} INFO - [2026-10-05T10:11:20.915+0000] {dag.py:3239} INFO - Sync 1 DAGs
[2026-10-05T10:11:20.941+0000] {logging_mixin.py:190} INFO - [2026-10-05T10:11:20.941+0000] {dag.py:4180} INFO - Setting next_dagrun for market_data_elt_pipeline to 2026-10-05 00:00:00+00:00, run_after=2026-10-06 00:00:00+00:00
[2026-10-05T10:11:20.963+0000] {processor.py:208} INFO - Processing /opt/airflow/dags/market_elt_pipeline.py took 0.121 seconds
[2026-10-05T10:11:51.410+0000] {processor.py:186} INFO - Started process (PID=641) to work on /opt/airflow/dags/market_elt_pipeline.py
[2026-10-05T10:11:51.411+0000] {processor.py:914} INFO - Processing file /opt/airflow/dags/market_elt_pipeline.py for tasks to queue
[2026-10-05T10:11:51.413+0000] {logging_mixin.py:190} INFO - [2026-10-05T10:11:51.413+0000] {dagbag.py:588} INFO - Filling up the DagBag from /opt/airflow/dags/market_elt_pipeline.py
[2026-10-05T10:11:51.439+0000] {processor.py:925} INFO - DAG(s) 'market_data_elt_pipeline' retrieved from /opt/airflow/dags/market_elt_pipeline.py
[2026-10-05T10:11:51.472+0000] {logging_mixin.py:190} INFO - [2026-10-05T10:11:51.472+0000] {dag.py:3239} INFO - Sync 1 DAGs
[2026-10-05T10:11:51.497+0000] {logging_mixin.py:190} INFO - [2026-10-05T10:11:51.497+0000] {dag.py:4180} INFO - Setting next_dagrun for market_data_elt_pipeline to 2026-10-05 00:00:00+00:00, run_after=2026-10-06 00:00:00+00:00
[2026-10-05T10:11:51.518+0000] {processor.py:208} INFO - Processing /opt/airflow/dags/market_elt_pipeline.py took 0.115 seconds
[2026-10-05T10:12:21.831+0000] {processor.py:186} INFO - Started process (PID=646) to work on /opt/airflow/dags/market_elt_pipeline.py
[2026-10-05T10:12:21.832+0000] {processor.py:914} INFO - Processing file /opt/airflow/dags/market_elt_pipeline.py for tasks to queue
[2026-10-05T10:12:21.834+0000] {logging_mixin.py:190} INFO - [2026-10-05T10:12:21.834+0000] {dagbag.py:588} INFO - Filling up the DagBag from /opt/airflow/dags/market_elt_pipeline.py
[2026-10-05T10:12:21.865+0000] {processor.py:925} INFO - DAG(s) 'market_data_elt_pipeline' retrieved from /opt/airflow/dags/market_elt_pipeline.py
[2026-10-05T10:12:21.895+0000] {logging_mixin.py:190} INFO - [2026-10-05T10:12:21.895+0000] {dag.py:3239} INFO - Sync 1 DAGs
[2026-10-05T10:12:21.919+0000] {logging_mixin.py:190} INFO - [2026-10-05T10:12:21.919+0000] {dag.py:4180} INFO - Setting next_dagrun for market_data_elt_pipeline to 2026-10-05 00:00:00+00:00, run_after=2026-10-06 00:00:00+00:00
[2026-10-05T10:12:21.941+0000] {processor.py:208} INFO - Processing /opt/airflow/dags/market_elt_pipeline.py took 0.118 seconds
[2026-10-05T10:12:52.454+0000] {processor.py:186} INFO - Started process (PID=651) to work on /opt/airflow/dags/market_elt_pipeline.py
[2026-10-05T10:12:52.456+0000] {processor.py:914} INFO - Processing file /opt/airflow/dags/market_elt_pipeline.py for tasks to queue
[2026-10-05T10:12:52.458+0000] {logging_mixin.py:190} INFO - [2026-10-05T10:12:52.458+0000] {dagbag.py:588} INFO - Filling up the DagBag from /opt/airflow/dags/market_elt_pipeline.py
[2026-10-05T10:12:52.496+0000] {processor.py:925} INFO - DAG(s) 'market_data_elt_pipeline' retrieved from /opt/airflow/dags/market_elt_pipeline.py
[2026-10-05T10:12:52.529+0000] {logging_mixin.py:190} INFO - [2026-10-05T10:12:52.529+0000] {dag.py:3239} INFO - Sync 1 DAGs
[2026-10-05T10:12:52.554+0000] {logging_mixin.py:190} INFO - [2026-10-05T10:12:52.554+0000] {dag.py:4180} INFO - Setting next_dagrun for market_data_elt_pipeline to 2026-10-05 00:00:00+00:00, run_after=2026-10-06 00:00:00+00:00
[2026-10-05T10:12:52.583+0000] {processor.py:208} INFO - Processing /opt/airflow/dags/market_elt_pipeline.py took 0.135 seconds
[2026-10-05T10:13:23.084+0000] {processor.py:186} INFO - Started process (PID=656) to work on /opt/airflow/dags/market_elt_pipeline.py
[2026-10-05T10:13:23.085+0000] {processor.py:914} INFO - Processing file /opt/airflow/dags/market_elt_pipeline.py for tasks to queue
[2026-10-05T10:13:23.087+0000] {logging_mixin.py:190} INFO - [2026-10-05T10:13:23.087+0000] {dagbag.py:588} INFO - Filling up the DagBag from /opt/airflow/dags/market_elt_pipeline.py
[2026-10-05T10:13:23.108+0000] {processor.py:925} INFO - DAG(s) 'market_data_elt_pipeline' retrieved from /opt/airflow/dags/market_elt_pipeline.py
[2026-10-05T10:13:23.142+0000] {logging_mixin.py:190} INFO - [2026-10-05T10:13:23.141+0000] {dag.py:3239} INFO - Sync 1 DAGs
[2026-10-05T10:13:23.168+0000] {logging_mixin.py:190} INFO - [2026-10-05T10:13:23.168+0000] {dag.py:4180} INFO - Setting next_dagrun for market_data_elt_pipeline to 2026-10-05 00:00:00+00:00, run_after=2026-10-06 00:00:00+00:00
[2026-10-05T10:13:23.193+0000] {processor.py:208} INFO - Processing /opt/airflow/dags/market_elt_pipeline.py took 0.115 seconds
[2026-10-05T10:13:53.613+0000] {processor.py:186} INFO - Started process (PID=661) to work on /opt/airflow/dags/market_elt_pipeline.py
[2026-10-05T10:13:53.614+0000] {processor.py:914} INFO - Processing file /opt/airflow/dags/market_elt_pipeline.py for tasks to queue
[2026-10-05T10:13:53.617+0000] {logging_mixin.py:190} INFO - [2026-10-05T10:13:53.617+0000] {dagbag.py:588} INFO - Filling up the DagBag from /opt/airflow/dags/market_elt_pipeline.py
[2026-10-05T10:13:53.645+0000] {processor.py:925} INFO - DAG(s) 'market_data_elt_pipeline' retrieved from /opt/airflow/dags/market_elt_pipeline.py
[2026-10-05T10:13:53.683+0000] {logging_mixin.py:190} INFO - [2026-10-05T10:13:53.683+0000] {dag.py:3239} INFO - Sync 1 DAGs
[2026-10-05T10:13:53.712+0000] {logging_mixin.py:190} INFO - [2026-10-05T10:13:53.712+0000] {dag.py:4180} INFO - Setting next_dagrun for market_data_elt_pipeline to 2026-10-05 00:00:00+00:00, run_after=2026-10-06 00:00:00+00:00
[2026-10-05T10:13:53.735+0000] {processor.py:208} INFO - Processing /opt/airflow/dags/market_elt_pipeline.py took 0.129 seconds
[2026-10-05T10:14:24.196+0000] {processor.py:186} INFO - Started process (PID=666) to work on /opt/airflow/dags/market_elt_pipeline.py
[2026-10-05T10:14:24.197+0000] {processor.py:914} INFO - Processing file /opt/airflow/dags/market_elt_pipeline.py for tasks to queue
[2026-10-05T10:14:24.200+0000] {logging_mixin.py:190} INFO - [2026-10-05T10:14:24.200+0000] {dagbag.py:588} INFO - Filling up the DagBag from /opt/airflow/dags/market_elt_pipeline.py
[2026-10-05T10:14:24.225+0000] {processor.py:925} INFO - DAG(s) 'market_data_elt_pipeline' retrieved from /opt/airflow/dags/market_elt_pipeline.py
[2026-10-05T10:14:24.257+0000] {logging_mixin.py:190} INFO - [2026-10-05T10:14:24.256+0000] {dag.py:3239} INFO - Sync 1 DAGs
[2026-10-05T10:14:24.284+0000] {logging_mixin.py:190} INFO - [2026-10-05T10:14:24.284+0000] {dag.py:4180} INFO - Setting next_dagrun for market_data_elt_pipeline to 2026-10-05 00:00:00+00:00, run_after=2026-10-06 00:00:00+00:00
[2026-10-05T10:14:24.307+0000] {processor.py:208} INFO - Processing /opt/airflow/dags/market_elt_pipeline.py took 0.169 seconds
[2026-10-05T10:14:54.563+0000] {processor.py:186} INFO - Started process (PID=671) to work on /opt/airflow/dags/market_elt_pipeline.py
[2026-10-05T10:14:54.565+0000] {processor.py:914} INFO - Processing file /opt/airflow/dags/market_elt_pipeline.py for tasks to queue
[2026-10-05T10:14:54.568+0000] {logging_mixin.py:190} INFO - [2026-10-05T10:14:54.568+0000] {dagbag.py:588} INFO - Filling up the DagBag from /opt/airflow/dags/market_elt_pipeline.py
[2026-10-05T10:14:54.596+0000] {processor.py:925} INFO - DAG(s) 'market_data_elt_pipeline' retrieved from /opt/airflow/dags/market_elt_pipeline.py
[2026-10-05T10:14:54.631+0000] {logging_mixin.py:190} INFO - [2026-10-05T10:14:54.631+0000] {dag.py:3239} INFO - Sync 1 DAGs
[2026-10-05T10:14:54.658+0000] {logging_mixin.py:190} INFO - [2026-10-05T10:14:54.658+0000] {dag.py:4180} INFO - Setting next_dagrun for market_data_elt_pipeline to 2026-10-05 00:00:00+00:00, run_after=2026-10-06 00:00:00+00:00
[2026-10-05T10:14:54.682+0000] {processor.py:208} INFO - Processing /opt/airflow/dags/market_elt_pipeline.py took 0.126 seconds
[2026-10-05T10:15:25.071+0000] {processor.py:186} INFO - Started process (PID=676) to work on /opt/airflow/dags/market_elt_pipeline.py
[2026-10-05T10:15:25.073+0000] {processor.py:914} INFO - Processing file /opt/airflow/dags/market_elt_pipeline.py for tasks to queue
[2026-10-05T10:15:25.075+0000] {logging_mixin.py:190} INFO - [2026-10-05T10:15:25.075+0000] {dagbag.py:588} INFO - Filling up the DagBag from /opt/airflow/dags/market_elt_pipeline.py
[2026-10-05T10:15:25.099+0000] {processor.py:925} INFO - DAG(s) 'market_data_elt_pipeline' retrieved from /opt/airflow/dags/market_elt_pipeline.py
[2026-10-05T10:15:25.966+0000] {logging_mixin.py:190} INFO - [2026-10-05T10:15:25.966+0000] {dag.py:3239} INFO - Sync 1 DAGs
[2026-10-05T10:15:25.993+0000] {logging_mixin.py:190} INFO - [2026-10-05T10:15:25.992+0000] {dag.py:4180} INFO - Setting next_dagrun for market_data_elt_pipeline to 2026-10-05 00:00:00+00:00, run_after=2026-10-06 00:00:00+00:00
[2026-10-05T10:15:26.016+0000] {processor.py:208} INFO - Processing /opt/airflow/dags/market_elt_pipeline.py took 0.951 seconds
[2026-10-05T10:15:56.540+0000] {processor.py:186} INFO - Started process (PID=681) to work on /opt/airflow/dags/market_elt_pipeline.py
[2026-10-05T10:15:56.542+0000] {processor.py:914} INFO - Processing file /opt/airflow/dags/market_elt_pipeline.py for tasks to queue
[2026-10-05T10:15:56.544+0000] {logging_mixin.py:190} INFO - [2026-10-05T10:15:56.544+0000] {dagbag.py:588} INFO - Filling up the DagBag from /opt/airflow/dags/market_elt_pipeline.py
[2026-10-05T10:15:56.570+0000] {processor.py:925} INFO - DAG(s) 'market_data_elt_pipeline' retrieved from /opt/airflow/dags/market_elt_pipeline.py
[2026-10-05T10:15:56.606+0000] {logging_mixin.py:190} INFO - [2026-10-05T10:15:56.606+0000] {dag.py:3239} INFO - Sync 1 DAGs
[2026-10-05T10:15:56.637+0000] {logging_mixin.py:190} INFO - [2026-10-05T10:15:56.636+0000] {dag.py:4180} INFO - Setting next_dagrun for market_data_elt_pipeline to 2026-10-05 00:00:00+00:00, run_after=2026-10-06 00:00:00+00:00
[2026-10-05T10:15:56.660+0000] {processor.py:208} INFO - Processing /opt/airflow/dags/market_elt_pipeline.py took 0.127 seconds
[2026-10-05T10:16:27.126+0000] {processor.py:186} INFO - Started process (PID=686) to work on /opt/airflow/dags/market_elt_pipeline.py
[2026-10-05T10:16:27.128+0000] {processor.py:914} INFO - Processing file /opt/airflow/dags/market_elt_pipeline.py for tasks to queue
[2026-10-05T10:16:27.130+0000] {logging_mixin.py:190} INFO - [2026-10-05T10:16:27.130+0000] {dagbag.py:588} INFO - Filling up the DagBag from /opt/airflow/dags/market_elt_pipeline.py
[2026-10-05T10:16:27.154+0000] {processor.py:925} INFO - DAG(s) 'market_data_elt_pipeline' retrieved from /opt/airflow/dags/market_elt_pipeline.py
[2026-10-05T10:16:27.185+0000] {logging_mixin.py:190} INFO - [2026-10-05T10:16:27.185+0000] {dag.py:3239} INFO - Sync 1 DAGs
[2026-10-05T10:16:27.212+0000] {logging_mixin.py:190} INFO - [2026-10-05T10:16:27.212+0000] {dag.py:4180} INFO - Setting next_dagrun for market_data_elt_pipeline to 2026-10-05 00:00:00+00:00, run_after=2026-10-06 00:00:00+00:00
[2026-10-05T10:16:27.237+0000] {processor.py:208} INFO - Processing /opt/airflow/dags/market_elt_pipeline.py took 0.117 seconds
[2026-10-05T10:16:57.574+0000] {processor.py:186} INFO - Started process (PID=691) to work on /opt/airflow/dags/market_elt_pipeline.py
[2026-10-05T10:16:57.575+0000] {processor.py:914} INFO - Processing file /opt/airflow/dags/market_elt_pipeline.py for tasks to queue
[2026-10-05T10:16:57.577+0000] {logging_mixin.py:190} INFO - [2026-10-05T10:16:57.577+0000] {dagbag.py:588} INFO - Filling up the DagBag from /opt/airflow/dags/market_elt_pipeline.py
[2026-10-05T10:16:57.603+0000] {processor.py:925} INFO - DAG(s) 'market_data_elt_pipeline' retrieved from /opt/airflow/dags/market_elt_pipeline.py
[2026-10-05T10:16:57.641+0000] {logging_mixin.py:190} INFO - [2026-10-05T10:16:57.641+0000] {dag.py:3239} INFO - Sync 1 DAGs
[2026-10-05T10:16:57.670+0000] {logging_mixin.py:190} INFO - [2026-10-05T10:16:57.669+0000] {dag.py:4180} INFO - Setting next_dagrun for market_data_elt_pipeline to 2026-10-05 00:00:00+00:00, run_after=2026-10-06 00:00:00+00:00
[2026-10-05T10:16:57.692+0000] {processor.py:208} INFO - Processing /opt/airflow/dags/market_elt_pipeline.py took 0.125 seconds
[2026-10-05T10:17:27.991+0000] {processor.py:186} INFO - Started process (PID=696) to work on /opt/airflow/dags/market_elt_pipeline.py
[2026-10-05T10:17:27.993+0000] {processor.py:914} INFO - Processing file /opt/airflow/dags/market_elt_pipeline.py for tasks to queue
[2026-10-05T10:17:27.996+0000] {logging_mixin.py:190} INFO - [2026-10-05T10:17:27.996+0000] {dagbag.py:588} INFO - Filling up the DagBag from /opt/airflow/dags/market_elt_pipeline.py
[2026-10-05T10:17:28.027+0000] {processor.py:925} INFO - DAG(s) 'market_data_elt_pipeline' retrieved from /opt/airflow/dags/market_elt_pipeline.py
[2026-10-05T10:17:28.061+0000] {logging_mixin.py:190} INFO - [2026-10-05T10:17:28.061+0000] {dag.py:3239} INFO - Sync 1 DAGs
[2026-10-05T10:17:28.086+0000] {logging_mixin.py:190} INFO - [2026-10-05T10:17:28.086+0000] {dag.py:4180} INFO - Setting next_dagrun for market_data_elt_pipeline to 2026-10-05 00:00:00+00:00, run_after=2026-10-06 00:00:00+00:00
[2026-10-05T10:17:28.109+0000] {processor.py:208} INFO - Processing /opt/airflow/dags/market_elt_pipeline.py took 0.124 seconds
[2026-10-05T10:17:58.483+0000] {processor.py:186} INFO - Started process (PID=701) to work on /opt/airflow/dags/market_elt_pipeline.py
[2026-10-05T10:17:58.484+0000] {processor.py:914} INFO - Processing file /opt/airflow/dags/market_elt_pipeline.py for tasks to queue
[2026-10-05T10:17:58.487+0000] {logging_mixin.py:190} INFO - [2026-10-05T10:17:58.486+0000] {dagbag.py:588} INFO - Filling up the DagBag from /opt/airflow/dags/market_elt_pipeline.py
[2026-10-05T10:17:58.511+0000] {processor.py:925} INFO - DAG(s) 'market_data_elt_pipeline' retrieved from /opt/airflow/dags/market_elt_pipeline.py
[2026-10-05T10:17:58.548+0000] {logging_mixin.py:190} INFO - [2026-10-05T10:17:58.548+0000] {dag.py:3239} INFO - Sync 1 DAGs
[2026-10-05T10:17:58.575+0000] {logging_mixin.py:190} INFO - [2026-10-05T10:17:58.575+0000] {dag.py:4180} INFO - Setting next_dagrun for market_data_elt_pipeline to 2026-10-05 00:00:00+00:00, run_after=2026-10-06 00:00:00+00:00
[2026-10-05T10:17:58.598+0000] {processor.py:208} INFO - Processing /opt/airflow/dags/market_elt_pipeline.py took 0.122 seconds
[2026-10-05T10:18:28.965+0000] {processor.py:186} INFO - Started process (PID=706) to work on /opt/airflow/dags/market_elt_pipeline.py
[2026-10-05T10:18:28.966+0000] {processor.py:914} INFO - Processing file /opt/airflow/dags/market_elt_pipeline.py for tasks to queue
[2026-10-05T10:18:28.969+0000] {logging_mixin.py:190} INFO - [2026-10-05T10:18:28.968+0000] {dagbag.py:588} INFO - Filling up the DagBag from /opt/airflow/dags/market_elt_pipeline.py
[2026-10-05T10:18:28.997+0000] {processor.py:925} INFO - DAG(s) 'market_data_elt_pipeline' retrieved from /opt/airflow/dags/market_elt_pipeline.py
[2026-10-05T10:18:29.027+0000] {logging_mixin.py:190} INFO - [2026-10-05T10:18:29.027+0000] {dag.py:3239} INFO - Sync 1 DAGs
[2026-10-05T10:18:29.053+0000] {logging_mixin.py:190} INFO - [2026-10-05T10:18:29.053+0000] {dag.py:4180} INFO - Setting next_dagrun for market_data_elt_pipeline to 2026-10-05 00:00:00+00:00, run_after=2026-10-06 00:00:00+00:00
[2026-10-05T10:18:29.078+0000] {processor.py:208} INFO - Processing /opt/airflow/dags/market_elt_pipeline.py took 0.119 seconds
[2026-10-05T10:18:59.378+0000] {processor.py:186} INFO - Started process (PID=711) to work on /opt/airflow/dags/market_elt_pipeline.py
[2026-10-05T10:18:59.380+0000] {processor.py:914} INFO - Processing file /opt/airflow/dags/market_elt_pipeline.py for tasks to queue
[2026-10-05T10:18:59.384+0000] {logging_mixin.py:190} INFO - [2026-10-05T10:18:59.383+0000] {dagbag.py:588} INFO - Filling up the DagBag from /opt/airflow/dags/market_elt_pipeline.py
[2026-10-05T10:18:59.407+0000] {processor.py:925} INFO - DAG(s) 'market_data_elt_pipeline' retrieved from /opt/airflow/dags/market_elt_pipeline.py
[2026-10-05T10:18:59.443+0000] {logging_mixin.py:190} INFO - [2026-10-05T10:18:59.443+0000] {dag.py:3239} INFO - Sync 1 DAGs
[2026-10-05T10:18:59.472+0000] {logging_mixin.py:190} INFO - [2026-10-05T10:18:59.472+0000] {dag.py:4180} INFO - Setting next_dagrun for market_data_elt_pipeline to 2026-10-05 00:00:00+00:00, run_after=2026-10-06 00:00:00+00:00
[2026-10-05T10:18:59.499+0000] {processor.py:208} INFO - Processing /opt/airflow/dags/market_elt_pipeline.py took 0.127 seconds
[2026-10-05T10:19:29.813+0000] {processor.py:186} INFO - Started process (PID=716) to work on /opt/airflow/dags/market_elt_pipeline.py
[2026-10-05T10:19:29.814+0000] {processor.py:914} INFO - Processing file /opt/airflow/dags/market_elt_pipeline.py for tasks to queue
[2026-10-05T10:19:29.817+0000] {logging_mixin.py:190} INFO - [2026-10-05T10:19:29.817+0000] {dagbag.py:588} INFO - Filling up the DagBag from /opt/airflow/dags/market_elt_pipeline.py
[2026-10-05T10:19:29.839+0000] {processor.py:925} INFO - DAG(s) 'market_data_elt_pipeline' retrieved from /opt/airflow/dags/market_elt_pipeline.py
[2026-10-05T10:19:29.873+0000] {logging_mixin.py:190} INFO - [2026-10-05T10:19:29.873+0000] {dag.py:3239} INFO - Sync 1 DAGs
[2026-10-05T10:19:29.902+0000] {logging_mixin.py:190} INFO - [2026-10-05T10:19:29.901+0000] {dag.py:4180} INFO - Setting next_dagrun for market_data_elt_pipeline to 2026-10-05 00:00:00+00:00, run_after=2026-10-06 00:00:00+00:00
[2026-10-05T10:19:29.929+0000] {processor.py:208} INFO - Processing /opt/airflow/dags/market_elt_pipeline.py took 0.123 seconds
[2026-10-05T10:20:00.425+0000] {processor.py:186} INFO - Started process (PID=721) to work on /opt/airflow/dags/market_elt_pipeline.py
[2026-10-05T10:20:00.427+0000] {processor.py:914} INFO - Processing file /opt/airflow/dags/market_elt_pipeline.py for tasks to queue
[2026-10-05T10:20:00.430+0000] {logging_mixin.py:190} INFO - [2026-10-05T10:20:00.430+0000] {dagbag.py:588} INFO - Filling up the DagBag from /opt/airflow/dags/market_elt_pipeline.py
[2026-10-05T10:20:00.482+0000] {processor.py:925} INFO - DAG(s) 'market_data_elt_pipeline' retrieved from /opt/airflow/dags/market_elt_pipeline.py
[2026-10-05T10:20:00.516+0000] {logging_mixin.py:190} INFO - [2026-10-05T10:20:00.516+0000] {dag.py:3239} INFO - Sync 1 DAGs
[2026-10-05T10:20:00.546+0000] {logging_mixin.py:190} INFO - [2026-10-05T10:20:00.545+0000] {dag.py:4180} INFO - Setting next_dagrun for market_data_elt_pipeline to 2026-10-05 00:00:00+00:00, run_after=2026-10-06 00:00:00+00:00
[2026-10-05T10:20:00.571+0000] {processor.py:208} INFO - Processing /opt/airflow/dags/market_elt_pipeline.py took 0.153 seconds
[2026-10-05T10:20:30.910+0000] {processor.py:186} INFO - Started process (PID=726) to work on /opt/airflow/dags/market_elt_pipeline.py
[2026-10-05T10:20:30.912+0000] {processor.py:914} INFO - Processing file /opt/airflow/dags/market_elt_pipeline.py for tasks to queue
[2026-10-05T10:20:30.914+0000] {logging_mixin.py:190} INFO - [2026-10-05T10:20:30.914+0000] {dagbag.py:588} INFO - Filling up the DagBag from /opt/airflow/dags/market_elt_pipeline.py
[2026-10-05T10:20:30.939+0000] {processor.py:925} INFO - DAG(s) 'market_data_elt_pipeline' retrieved from /opt/airflow/dags/market_elt_pipeline.py
[2026-10-05T10:20:30.976+0000] {logging_mixin.py:190} INFO - [2026-10-05T10:20:30.976+0000] {dag.py:3239} INFO - Sync 1 DAGs
[2026-10-05T10:20:31.008+0000] {logging_mixin.py:190} INFO - [2026-10-05T10:20:31.008+0000] {dag.py:4180} INFO - Setting next_dagrun for market_data_elt_pipeline to 2026-10-05 00:00:00+00:00, run_after=2026-10-06 00:00:00+00:00
[2026-10-05T10:20:31.031+0000] {processor.py:208} INFO - Processing /opt/airflow/dags/market_elt_pipeline.py took 0.128 seconds
[2026-10-05T10:21:01.390+0000] {processor.py:186} INFO - Started process (PID=731) to work on /opt/airflow/dags/market_elt_pipeline.py
[2026-10-05T10:21:01.391+0000] {processor.py:914} INFO - Processing file /opt/airflow/dags/market_elt_pipeline.py for tasks to queue
[2026-10-05T10:21:01.394+0000] {logging_mixin.py:190} INFO - [2026-10-05T10:21:01.394+0000] {dagbag.py:588} INFO - Filling up the DagBag from /opt/airflow/dags/market_elt_pipeline.py
[2026-10-05T10:21:01.418+0000] {processor.py:925} INFO - DAG(s) 'market_data_elt_pipeline' retrieved from /opt/airflow/dags/market_elt_pipeline.py
[2026-10-05T10:21:01.455+0000] {logging_mixin.py:190} INFO - [2026-10-05T10:21:01.455+0000] {dag.py:3239} INFO - Sync 1 DAGs
[2026-10-05T10:21:01.482+0000] {logging_mixin.py:190} INFO - [2026-10-05T10:21:01.482+0000] {dag.py:4180} INFO - Setting next_dagrun for market_data_elt_pipeline to 2026-10-05 00:00:00+00:00, run_after=2026-10-06 00:00:00+00:00
[2026-10-05T10:21:01.505+0000] {processor.py:208} INFO - Processing /opt/airflow/dags/market_elt_pipeline.py took 0.122 seconds
[2026-10-05T10:21:32.013+0000] {processor.py:186} INFO - Started process (PID=736) to work on /opt/airflow/dags/market_elt_pipeline.py
[2026-10-05T10:21:32.014+0000] {processor.py:914} INFO - Processing file /opt/airflow/dags/market_elt_pipeline.py for tasks to queue
[2026-10-05T10:21:32.017+0000] {logging_mixin.py:190} INFO - [2026-10-05T10:21:32.016+0000] {dagbag.py:588} INFO - Filling up the DagBag from /opt/airflow/dags/market_elt_pipeline.py
[2026-10-05T10:21:32.041+0000] {processor.py:925} INFO - DAG(s) 'market_data_elt_pipeline' retrieved from /opt/airflow/dags/market_elt_pipeline.py
[2026-10-05T10:21:32.075+0000] {logging_mixin.py:190} INFO - [2026-10-05T10:21:32.075+0000] {dag.py:3239} INFO - Sync 1 DAGs
[2026-10-05T10:21:32.101+0000] {logging_mixin.py:190} INFO - [2026-10-05T10:21:32.101+0000] {dag.py:4180} INFO - Setting next_dagrun for market_data_elt_pipeline to 2026-10-05 00:00:00+00:00, run_after=2026-10-06 00:00:00+00:00
[2026-10-05T10:21:32.124+0000] {processor.py:208} INFO - Processing /opt/airflow/dags/market_elt_pipeline.py took 0.118 seconds
[2026-10-05T10:22:02.522+0000] {processor.py:186} INFO - Started process (PID=741) to work on /opt/airflow/dags/market_elt_pipeline.py
[2026-10-05T10:22:02.523+0000] {processor.py:914} INFO - Processing file /opt/airflow/dags/market_elt_pipeline.py for tasks to queue
[2026-10-05T10:22:02.525+0000] {logging_mixin.py:190} INFO - [2026-10-05T10:22:02.525+0000] {dagbag.py:588} INFO - Filling up the DagBag from /opt/airflow/dags/market_elt_pipeline.py
[2026-10-05T10:22:02.551+0000] {processor.py:925} INFO - DAG(s) 'market_data_elt_pipeline' retrieved from /opt/airflow/dags/market_elt_pipeline.py
[2026-10-05T10:22:02.587+0000] {logging_mixin.py:190} INFO - [2026-10-05T10:22:02.587+0000] {dag.py:3239} INFO - Sync 1 DAGs
[2026-10-05T10:22:02.614+0000] {logging_mixin.py:190} INFO - [2026-10-05T10:22:02.614+0000] {dag.py:4180} INFO - Setting next_dagrun for market_data_elt_pipeline to 2026-10-05 00:00:00+00:00, run_after=2026-10-06 00:00:00+00:00
[2026-10-05T10:22:02.639+0000] {processor.py:208} INFO - Processing /opt/airflow/dags/market_elt_pipeline.py took 0.124 seconds
[2026-10-05T10:22:33.117+0000] {processor.py:186} INFO - Started process (PID=746) to work on /opt/airflow/dags/market_elt_pipeline.py
[2026-10-05T10:22:33.121+0000] {processor.py:914} INFO - Processing file /opt/airflow/dags/market_elt_pipeline.py for tasks to queue
[2026-10-05T10:22:33.133+0000] {logging_mixin.py:190} INFO - [2026-10-05T10:22:33.132+0000] {dagbag.py:588} INFO - Filling up the DagBag from /opt/airflow/dags/market_elt_pipeline.py
[2026-10-05T10:22:33.238+0000] {processor.py:925} INFO - DAG(s) 'market_data_elt_pipeline' retrieved from /opt/airflow/dags/market_elt_pipeline.py
[2026-10-05T10:22:33.440+0000] {logging_mixin.py:190} INFO - [2026-10-05T10:22:33.438+0000] {dag.py:3239} INFO - Sync 1 DAGs
[2026-10-05T10:22:33.592+0000] {logging_mixin.py:190} INFO - [2026-10-05T10:22:33.591+0000] {dag.py:4180} INFO - Setting next_dagrun for market_data_elt_pipeline to 2026-10-05 00:00:00+00:00, run_after=2026-10-06 00:00:00+00:00
[2026-10-05T10:22:33.658+0000] {processor.py:208} INFO - Processing /opt/airflow/dags/market_elt_pipeline.py took 0.556 seconds
[2026-10-05T10:23:04.435+0000] {processor.py:186} INFO - Started process (PID=751) to work on /opt/airflow/dags/market_elt_pipeline.py
[2026-10-05T10:23:04.437+0000] {processor.py:914} INFO - Processing file /opt/airflow/dags/market_elt_pipeline.py for tasks to queue
[2026-10-05T10:23:04.440+0000] {logging_mixin.py:190} INFO - [2026-10-05T10:23:04.440+0000] {dagbag.py:588} INFO - Filling up the DagBag from /opt/airflow/dags/market_elt_pipeline.py
[2026-10-05T10:23:04.518+0000] {processor.py:925} INFO - DAG(s) 'market_data_elt_pipeline' retrieved from /opt/airflow/dags/market_elt_pipeline.py
[2026-10-05T10:23:04.562+0000] {logging_mixin.py:190} INFO - [2026-10-05T10:23:04.562+0000] {dag.py:3239} INFO - Sync 1 DAGs
[2026-10-05T10:23:04.593+0000] {logging_mixin.py:190} INFO - [2026-10-05T10:23:04.593+0000] {dag.py:4180} INFO - Setting next_dagrun for market_data_elt_pipeline to 2026-10-05 00:00:00+00:00, run_after=2026-10-06 00:00:00+00:00
[2026-10-05T10:23:04.619+0000] {processor.py:208} INFO - Processing /opt/airflow/dags/market_elt_pipeline.py took 0.243 seconds
[2026-10-05T10:23:34.989+0000] {processor.py:186} INFO - Started process (PID=756) to work on /opt/airflow/dags/market_elt_pipeline.py
[2026-10-05T10:23:34.991+0000] {processor.py:914} INFO - Processing file /opt/airflow/dags/market_elt_pipeline.py for tasks to queue
[2026-10-05T10:23:34.997+0000] {logging_mixin.py:190} INFO - [2026-10-05T10:23:34.996+0000] {dagbag.py:588} INFO - Filling up the DagBag from /opt/airflow/dags/market_elt_pipeline.py
[2026-10-05T10:23:35.056+0000] {processor.py:925} INFO - DAG(s) 'market_data_elt_pipeline' retrieved from /opt/airflow/dags/market_elt_pipeline.py
[2026-10-05T10:23:35.104+0000] {logging_mixin.py:190} INFO - [2026-10-05T10:23:35.104+0000] {dag.py:3239} INFO - Sync 1 DAGs
[2026-10-05T10:23:35.154+0000] {logging_mixin.py:190} INFO - [2026-10-05T10:23:35.154+0000] {dag.py:4180} INFO - Setting next_dagrun for market_data_elt_pipeline to 2026-10-05 00:00:00+00:00, run_after=2026-10-06 00:00:00+00:00
[2026-10-05T10:23:35.220+0000] {processor.py:208} INFO - Processing /opt/airflow/dags/market_elt_pipeline.py took 0.243 seconds
[2026-10-05T10:24:05.944+0000] {processor.py:186} INFO - Started process (PID=777) to work on /opt/airflow/dags/market_elt_pipeline.py
[2026-10-05T10:24:05.947+0000] {processor.py:914} INFO - Processing file /opt/airflow/dags/market_elt_pipeline.py for tasks to queue
[2026-10-05T10:24:05.953+0000] {logging_mixin.py:190} INFO - [2026-10-05T10:24:05.952+0000] {dagbag.py:588} INFO - Filling up the DagBag from /opt/airflow/dags/market_elt_pipeline.py
[2026-10-05T10:24:05.994+0000] {processor.py:925} INFO - DAG(s) 'market_data_elt_pipeline' retrieved from /opt/airflow/dags/market_elt_pipeline.py
[2026-10-05T10:24:06.058+0000] {logging_mixin.py:190} INFO - [2026-10-05T10:24:06.058+0000] {dag.py:3239} INFO - Sync 1 DAGs
[2026-10-05T10:24:06.101+0000] {logging_mixin.py:190} INFO - [2026-10-05T10:24:06.101+0000] {dag.py:4180} INFO - Setting next_dagrun for market_data_elt_pipeline to 2026-10-05 00:00:00+00:00, run_after=2026-10-06 00:00:00+00:00
[2026-10-05T10:24:06.133+0000] {processor.py:208} INFO - Processing /opt/airflow/dags/market_elt_pipeline.py took 0.200 seconds
[2026-10-05T10:24:36.352+0000] {processor.py:186} INFO - Started process (PID=802) to work on /opt/airflow/dags/market_elt_pipeline.py
[2026-10-05T10:24:36.353+0000] {processor.py:914} INFO - Processing file /opt/airflow/dags/market_elt_pipeline.py for tasks to queue
[2026-10-05T10:24:36.359+0000] {logging_mixin.py:190} INFO - [2026-10-05T10:24:36.359+0000] {dagbag.py:588} INFO - Filling up the DagBag from /opt/airflow/dags/market_elt_pipeline.py
[2026-10-05T10:24:36.394+0000] {processor.py:925} INFO - DAG(s) 'market_data_elt_pipeline' retrieved from /opt/airflow/dags/market_elt_pipeline.py
[2026-10-05T10:24:36.445+0000] {logging_mixin.py:190} INFO - [2026-10-05T10:24:36.444+0000] {dag.py:3239} INFO - Sync 1 DAGs
[2026-10-05T10:24:36.483+0000] {logging_mixin.py:190} INFO - [2026-10-05T10:24:36.482+0000] {dag.py:4180} INFO - Setting next_dagrun for market_data_elt_pipeline to 2026-10-05 00:00:00+00:00, run_after=2026-10-06 00:00:00+00:00
[2026-10-05T10:24:36.513+0000] {processor.py:208} INFO - Processing /opt/airflow/dags/market_elt_pipeline.py took 0.175 seconds
[2026-10-05T10:25:07.515+0000] {processor.py:186} INFO - Started process (PID=831) to work on /opt/airflow/dags/market_elt_pipeline.py
[2026-10-05T10:25:07.525+0000] {processor.py:914} INFO - Processing file /opt/airflow/dags/market_elt_pipeline.py for tasks to queue
[2026-10-05T10:25:07.580+0000] {logging_mixin.py:190} INFO - [2026-10-05T10:25:07.574+0000] {dagbag.py:588} INFO - Filling up the DagBag from /opt/airflow/dags/market_elt_pipeline.py
[2026-10-05T10:25:07.916+0000] {processor.py:925} INFO - DAG(s) 'market_data_elt_pipeline' retrieved from /opt/airflow/dags/market_elt_pipeline.py
[2026-10-05T10:25:08.725+0000] {logging_mixin.py:190} INFO - [2026-10-05T10:25:08.725+0000] {dag.py:3239} INFO - Sync 1 DAGs
[2026-10-05T10:25:09.141+0000] {logging_mixin.py:190} INFO - [2026-10-05T10:25:09.140+0000] {dag.py:4180} INFO - Setting next_dagrun for market_data_elt_pipeline to 2026-10-05 00:00:00+00:00, run_after=2026-10-06 00:00:00+00:00
[2026-10-05T10:25:09.241+0000] {processor.py:208} INFO - Processing /opt/airflow/dags/market_elt_pipeline.py took 1.977 seconds
[2026-10-05T10:25:40.133+0000] {processor.py:186} INFO - Started process (PID=875) to work on /opt/airflow/dags/market_elt_pipeline.py
[2026-10-05T10:25:40.137+0000] {processor.py:914} INFO - Processing file /opt/airflow/dags/market_elt_pipeline.py for tasks to queue
[2026-10-05T10:25:40.152+0000] {logging_mixin.py:190} INFO - [2026-10-05T10:25:40.150+0000] {dagbag.py:588} INFO - Filling up the DagBag from /opt/airflow/dags/market_elt_pipeline.py
[2026-10-05T10:25:40.212+0000] {processor.py:925} INFO - DAG(s) 'market_data_elt_pipeline' retrieved from /opt/airflow/dags/market_elt_pipeline.py
[2026-10-05T10:25:40.311+0000] {logging_mixin.py:190} INFO - [2026-10-05T10:25:40.310+0000] {dag.py:3239} INFO - Sync 1 DAGs
[2026-10-05T10:25:40.387+0000] {logging_mixin.py:190} INFO - [2026-10-05T10:25:40.387+0000] {dag.py:4180} INFO - Setting next_dagrun for market_data_elt_pipeline to 2026-10-05 00:00:00+00:00, run_after=2026-10-06 00:00:00+00:00
[2026-10-05T10:25:40.442+0000] {processor.py:208} INFO - Processing /opt/airflow/dags/market_elt_pipeline.py took 0.339 seconds
[2026-10-05T10:26:10.857+0000] {processor.py:186} INFO - Started process (PID=880) to work on /opt/airflow/dags/market_elt_pipeline.py
[2026-10-05T10:26:10.858+0000] {processor.py:914} INFO - Processing file /opt/airflow/dags/market_elt_pipeline.py for tasks to queue
[2026-10-05T10:26:10.863+0000] {logging_mixin.py:190} INFO - [2026-10-05T10:26:10.863+0000] {dagbag.py:588} INFO - Filling up the DagBag from /opt/airflow/dags/market_elt_pipeline.py
[2026-10-05T10:26:10.888+0000] {processor.py:925} INFO - DAG(s) 'market_data_elt_pipeline' retrieved from /opt/airflow/dags/market_elt_pipeline.py
[2026-10-05T10:26:10.931+0000] {logging_mixin.py:190} INFO - [2026-10-05T10:26:10.930+0000] {dag.py:3239} INFO - Sync 1 DAGs
[2026-10-05T10:26:10.973+0000] {logging_mixin.py:190} INFO - [2026-10-05T10:26:10.973+0000] {dag.py:4180} INFO - Setting next_dagrun for market_data_elt_pipeline to 2026-10-05 00:00:00+00:00, run_after=2026-10-06 00:00:00+00:00
[2026-10-05T10:26:11.002+0000] {processor.py:208} INFO - Processing /opt/airflow/dags/market_elt_pipeline.py took 0.155 seconds
[2026-10-05T10:26:41.367+0000] {processor.py:186} INFO - Started process (PID=885) to work on /opt/airflow/dags/market_elt_pipeline.py
[2026-10-05T10:26:41.368+0000] {processor.py:914} INFO - Processing file /opt/airflow/dags/market_elt_pipeline.py for tasks to queue
[2026-10-05T10:26:41.371+0000] {logging_mixin.py:190} INFO - [2026-10-05T10:26:41.371+0000] {dagbag.py:588} INFO - Filling up the DagBag from /opt/airflow/dags/market_elt_pipeline.py
[2026-10-05T10:26:41.401+0000] {processor.py:925} INFO - DAG(s) 'market_data_elt_pipeline' retrieved from /opt/airflow/dags/market_elt_pipeline.py
[2026-10-05T10:26:41.447+0000] {logging_mixin.py:190} INFO - [2026-10-05T10:26:41.447+0000] {dag.py:3239} INFO - Sync 1 DAGs
[2026-10-05T10:26:41.485+0000] {logging_mixin.py:190} INFO - [2026-10-05T10:26:41.485+0000] {dag.py:4180} INFO - Setting next_dagrun for market_data_elt_pipeline to 2026-10-05 00:00:00+00:00, run_after=2026-10-06 00:00:00+00:00
[2026-10-05T10:26:41.507+0000] {processor.py:208} INFO - Processing /opt/airflow/dags/market_elt_pipeline.py took 0.152 seconds
[2026-10-05T10:27:11.802+0000] {processor.py:186} INFO - Started process (PID=890) to work on /opt/airflow/dags/market_elt_pipeline.py
[2026-10-05T10:27:11.803+0000] {processor.py:914} INFO - Processing file /opt/airflow/dags/market_elt_pipeline.py for tasks to queue
[2026-10-05T10:27:11.807+0000] {logging_mixin.py:190} INFO - [2026-10-05T10:27:11.806+0000] {dagbag.py:588} INFO - Filling up the DagBag from /opt/airflow/dags/market_elt_pipeline.py
[2026-10-05T10:27:11.866+0000] {processor.py:925} INFO - DAG(s) 'market_data_elt_pipeline' retrieved from /opt/airflow/dags/market_elt_pipeline.py
[2026-10-05T10:27:11.918+0000] {logging_mixin.py:190} INFO - [2026-10-05T10:27:11.918+0000] {dag.py:3239} INFO - Sync 1 DAGs
[2026-10-05T10:27:11.952+0000] {logging_mixin.py:190} INFO - [2026-10-05T10:27:11.952+0000] {dag.py:4180} INFO - Setting next_dagrun for market_data_elt_pipeline to 2026-10-05 00:00:00+00:00, run_after=2026-10-06 00:00:00+00:00
[2026-10-05T10:27:11.981+0000] {processor.py:208} INFO - Processing /opt/airflow/dags/market_elt_pipeline.py took 0.189 seconds
[2026-10-05T10:27:42.389+0000] {processor.py:186} INFO - Started process (PID=909) to work on /opt/airflow/dags/market_elt_pipeline.py
[2026-10-05T10:27:42.393+0000] {processor.py:914} INFO - Processing file /opt/airflow/dags/market_elt_pipeline.py for tasks to queue
[2026-10-05T10:27:42.407+0000] {logging_mixin.py:190} INFO - [2026-10-05T10:27:42.406+0000] {dagbag.py:588} INFO - Filling up the DagBag from /opt/airflow/dags/market_elt_pipeline.py
[2026-10-05T10:27:42.519+0000] {processor.py:925} INFO - DAG(s) 'market_data_elt_pipeline' retrieved from /opt/airflow/dags/market_elt_pipeline.py
[2026-10-05T10:27:42.673+0000] {logging_mixin.py:190} INFO - [2026-10-05T10:27:42.672+0000] {dag.py:3239} INFO - Sync 1 DAGs
[2026-10-05T10:27:42.863+0000] {logging_mixin.py:190} INFO - [2026-10-05T10:27:42.860+0000] {dag.py:4180} INFO - Setting next_dagrun for market_data_elt_pipeline to 2026-10-05 00:00:00+00:00, run_after=2026-10-06 00:00:00+00:00
[2026-10-05T10:27:42.987+0000] {processor.py:208} INFO - Processing /opt/airflow/dags/market_elt_pipeline.py took 0.630 seconds
[2026-10-05T10:28:13.506+0000] {processor.py:186} INFO - Started process (PID=915) to work on /opt/airflow/dags/market_elt_pipeline.py
[2026-10-05T10:28:13.507+0000] {processor.py:914} INFO - Processing file /opt/airflow/dags/market_elt_pipeline.py for tasks to queue
[2026-10-05T10:28:13.511+0000] {logging_mixin.py:190} INFO - [2026-10-05T10:28:13.510+0000] {dagbag.py:588} INFO - Filling up the DagBag from /opt/airflow/dags/market_elt_pipeline.py
[2026-10-05T10:28:13.543+0000] {processor.py:925} INFO - DAG(s) 'market_data_elt_pipeline' retrieved from /opt/airflow/dags/market_elt_pipeline.py
[2026-10-05T10:28:13.625+0000] {logging_mixin.py:190} INFO - [2026-10-05T10:28:13.625+0000] {dag.py:3239} INFO - Sync 1 DAGs
[2026-10-05T10:28:13.668+0000] {logging_mixin.py:190} INFO - [2026-10-05T10:28:13.667+0000] {dag.py:4180} INFO - Setting next_dagrun for market_data_elt_pipeline to 2026-10-05 00:00:00+00:00, run_after=2026-10-06 00:00:00+00:00
[2026-10-05T10:28:13.703+0000] {processor.py:208} INFO - Processing /opt/airflow/dags/market_elt_pipeline.py took 0.213 seconds
[2026-10-05T10:28:43.913+0000] {processor.py:186} INFO - Started process (PID=920) to work on /opt/airflow/dags/market_elt_pipeline.py
[2026-10-05T10:28:43.915+0000] {processor.py:914} INFO - Processing file /opt/airflow/dags/market_elt_pipeline.py for tasks to queue
[2026-10-05T10:28:43.920+0000] {logging_mixin.py:190} INFO - [2026-10-05T10:28:43.919+0000] {dagbag.py:588} INFO - Filling up the DagBag from /opt/airflow/dags/market_elt_pipeline.py
[2026-10-05T10:28:43.958+0000] {processor.py:925} INFO - DAG(s) 'market_data_elt_pipeline' retrieved from /opt/airflow/dags/market_elt_pipeline.py
[2026-10-05T10:28:44.015+0000] {logging_mixin.py:190} INFO - [2026-10-05T10:28:44.014+0000] {dag.py:3239} INFO - Sync 1 DAGs
[2026-10-05T10:28:44.060+0000] {logging_mixin.py:190} INFO - [2026-10-05T10:28:44.060+0000] {dag.py:4180} INFO - Setting next_dagrun for market_data_elt_pipeline to 2026-10-05 00:00:00+00:00, run_after=2026-10-06 00:00:00+00:00
[2026-10-05T10:28:44.093+0000] {processor.py:208} INFO - Processing /opt/airflow/dags/market_elt_pipeline.py took 0.209 seconds
[2026-10-05T10:29:14.742+0000] {processor.py:186} INFO - Started process (PID=925) to work on /opt/airflow/dags/market_elt_pipeline.py
[2026-10-05T10:29:14.744+0000] {processor.py:914} INFO - Processing file /opt/airflow/dags/market_elt_pipeline.py for tasks to queue
[2026-10-05T10:29:14.750+0000] {logging_mixin.py:190} INFO - [2026-10-05T10:29:14.749+0000] {dagbag.py:588} INFO - Filling up the DagBag from /opt/airflow/dags/market_elt_pipeline.py
[2026-10-05T10:29:14.775+0000] {processor.py:925} INFO - DAG(s) 'market_data_elt_pipeline' retrieved from /opt/airflow/dags/market_elt_pipeline.py
[2026-10-05T10:29:14.815+0000] {logging_mixin.py:190} INFO - [2026-10-05T10:29:14.815+0000] {dag.py:3239} INFO - Sync 1 DAGs
[2026-10-05T10:29:14.851+0000] {logging_mixin.py:190} INFO - [2026-10-05T10:29:14.850+0000] {dag.py:4180} INFO - Setting next_dagrun for market_data_elt_pipeline to 2026-10-05 00:00:00+00:00, run_after=2026-10-06 00:00:00+00:00
[2026-10-05T10:29:14.888+0000] {processor.py:208} INFO - Processing /opt/airflow/dags/market_elt_pipeline.py took 0.152 seconds
[2026-10-05T10:29:45.165+0000] {processor.py:186} INFO - Started process (PID=937) to work on /opt/airflow/dags/market_elt_pipeline.py
[2026-10-05T10:29:45.167+0000] {processor.py:914} INFO - Processing file /opt/airflow/dags/market_elt_pipeline.py for tasks to queue
[2026-10-05T10:29:45.214+0000] {logging_mixin.py:190} INFO - [2026-10-05T10:29:45.172+0000] {dagbag.py:588} INFO - Filling up the DagBag from /opt/airflow/dags/market_elt_pipeline.py
[2026-10-05T10:29:45.307+0000] {processor.py:925} INFO - DAG(s) 'market_data_elt_pipeline' retrieved from /opt/airflow/dags/market_elt_pipeline.py
[2026-10-05T10:29:45.439+0000] {logging_mixin.py:190} INFO - [2026-10-05T10:29:45.438+0000] {dag.py:3239} INFO - Sync 1 DAGs
[2026-10-05T10:29:45.542+0000] {logging_mixin.py:190} INFO - [2026-10-05T10:29:45.542+0000] {dag.py:4180} INFO - Setting next_dagrun for market_data_elt_pipeline to 2026-10-05 00:00:00+00:00, run_after=2026-10-06 00:00:00+00:00
[2026-10-05T10:29:45.597+0000] {processor.py:208} INFO - Processing /opt/airflow/dags/market_elt_pipeline.py took 0.446 seconds
[2026-10-05T10:30:15.850+0000] {processor.py:186} INFO - Started process (PID=942) to work on /opt/airflow/dags/market_elt_pipeline.py
[2026-10-05T10:30:15.857+0000] {processor.py:914} INFO - Processing file /opt/airflow/dags/market_elt_pipeline.py for tasks to queue
[2026-10-05T10:30:15.870+0000] {logging_mixin.py:190} INFO - [2026-10-05T10:30:15.869+0000] {dagbag.py:588} INFO - Filling up the DagBag from /opt/airflow/dags/market_elt_pipeline.py
[2026-10-05T10:30:15.952+0000] {processor.py:925} INFO - DAG(s) 'market_data_elt_pipeline' retrieved from /opt/airflow/dags/market_elt_pipeline.py
[2026-10-05T10:30:16.053+0000] {logging_mixin.py:190} INFO - [2026-10-05T10:30:16.053+0000] {dag.py:3239} INFO - Sync 1 DAGs
[2026-10-05T10:30:16.144+0000] {logging_mixin.py:190} INFO - [2026-10-05T10:30:16.144+0000] {dag.py:4180} INFO - Setting next_dagrun for market_data_elt_pipeline to 2026-10-05 00:00:00+00:00, run_after=2026-10-06 00:00:00+00:00
[2026-10-05T10:30:16.208+0000] {processor.py:208} INFO - Processing /opt/airflow/dags/market_elt_pipeline.py took 0.404 seconds
[2026-10-05T10:30:46.519+0000] {processor.py:186} INFO - Started process (PID=947) to work on /opt/airflow/dags/market_elt_pipeline.py
[2026-10-05T10:30:46.523+0000] {processor.py:914} INFO - Processing file /opt/airflow/dags/market_elt_pipeline.py for tasks to queue
[2026-10-05T10:30:46.534+0000] {logging_mixin.py:190} INFO - [2026-10-05T10:30:46.533+0000] {dagbag.py:588} INFO - Filling up the DagBag from /opt/airflow/dags/market_elt_pipeline.py
[2026-10-05T10:30:46.606+0000] {processor.py:925} INFO - DAG(s) 'market_data_elt_pipeline' retrieved from /opt/airflow/dags/market_elt_pipeline.py
[2026-10-05T10:30:46.785+0000] {logging_mixin.py:190} INFO - [2026-10-05T10:30:46.784+0000] {dag.py:3239} INFO - Sync 1 DAGs
[2026-10-05T10:30:46.985+0000] {logging_mixin.py:190} INFO - [2026-10-05T10:30:46.984+0000] {dag.py:4180} INFO - Setting next_dagrun for market_data_elt_pipeline to 2026-10-05 00:00:00+00:00, run_after=2026-10-06 00:00:00+00:00
[2026-10-05T10:30:47.074+0000] {processor.py:208} INFO - Processing /opt/airflow/dags/market_elt_pipeline.py took 0.577 seconds
[2026-10-05T10:31:17.532+0000] {processor.py:186} INFO - Started process (PID=952) to work on /opt/airflow/dags/market_elt_pipeline.py
[2026-10-05T10:31:17.539+0000] {processor.py:914} INFO - Processing file /opt/airflow/dags/market_elt_pipeline.py for tasks to queue
[2026-10-05T10:31:17.551+0000] {logging_mixin.py:190} INFO - [2026-10-05T10:31:17.549+0000] {dagbag.py:588} INFO - Filling up the DagBag from /opt/airflow/dags/market_elt_pipeline.py
[2026-10-05T10:31:17.587+0000] {processor.py:925} INFO - DAG(s) 'market_data_elt_pipeline' retrieved from /opt/airflow/dags/market_elt_pipeline.py
[2026-10-05T10:31:17.645+0000] {logging_mixin.py:190} INFO - [2026-10-05T10:31:17.645+0000] {dag.py:3239} INFO - Sync 1 DAGs
[2026-10-05T10:31:17.674+0000] {logging_mixin.py:190} INFO - [2026-10-05T10:31:17.674+0000] {dag.py:4180} INFO - Setting next_dagrun for market_data_elt_pipeline to 2026-10-05 00:00:00+00:00, run_after=2026-10-06 00:00:00+00:00
[2026-10-05T10:31:17.696+0000] {processor.py:208} INFO - Processing /opt/airflow/dags/market_elt_pipeline.py took 0.219 seconds
[2026-10-05T10:31:47.824+0000] {processor.py:186} INFO - Started process (PID=957) to work on /opt/airflow/dags/market_elt_pipeline.py
[2026-10-05T10:31:47.826+0000] {processor.py:914} INFO - Processing file /opt/airflow/dags/market_elt_pipeline.py for tasks to queue
[2026-10-05T10:31:47.828+0000] {logging_mixin.py:190} INFO - [2026-10-05T10:31:47.828+0000] {dagbag.py:588} INFO - Filling up the DagBag from /opt/airflow/dags/market_elt_pipeline.py
[2026-10-05T10:31:47.879+0000] {processor.py:925} INFO - DAG(s) 'market_data_elt_pipeline' retrieved from /opt/airflow/dags/market_elt_pipeline.py
[2026-10-05T10:31:47.922+0000] {logging_mixin.py:190} INFO - [2026-10-05T10:31:47.921+0000] {dag.py:3239} INFO - Sync 1 DAGs
[2026-10-05T10:31:47.947+0000] {logging_mixin.py:190} INFO - [2026-10-05T10:31:47.947+0000] {dag.py:4180} INFO - Setting next_dagrun for market_data_elt_pipeline to 2026-10-05 00:00:00+00:00, run_after=2026-10-06 00:00:00+00:00
[2026-10-05T10:31:47.972+0000] {processor.py:208} INFO - Processing /opt/airflow/dags/market_elt_pipeline.py took 0.155 seconds
[2026-10-05T10:32:18.098+0000] {processor.py:186} INFO - Started process (PID=962) to work on /opt/airflow/dags/market_elt_pipeline.py
[2026-10-05T10:32:18.100+0000] {processor.py:914} INFO - Processing file /opt/airflow/dags/market_elt_pipeline.py for tasks to queue
[2026-10-05T10:32:18.104+0000] {logging_mixin.py:190} INFO - [2026-10-05T10:32:18.104+0000] {dagbag.py:588} INFO - Filling up the DagBag from /opt/airflow/dags/market_elt_pipeline.py
[2026-10-05T10:32:18.129+0000] {processor.py:925} INFO - DAG(s) 'market_data_elt_pipeline' retrieved from /opt/airflow/dags/market_elt_pipeline.py
[2026-10-05T10:32:18.168+0000] {logging_mixin.py:190} INFO - [2026-10-05T10:32:18.167+0000] {dag.py:3239} INFO - Sync 1 DAGs
[2026-10-05T10:32:18.193+0000] {logging_mixin.py:190} INFO - [2026-10-05T10:32:18.193+0000] {dag.py:4180} INFO - Setting next_dagrun for market_data_elt_pipeline to 2026-10-05 00:00:00+00:00, run_after=2026-10-06 00:00:00+00:00
[2026-10-05T10:32:18.216+0000] {processor.py:208} INFO - Processing /opt/airflow/dags/market_elt_pipeline.py took 0.133 seconds
[2026-10-05T10:32:48.383+0000] {processor.py:186} INFO - Started process (PID=967) to work on /opt/airflow/dags/market_elt_pipeline.py
[2026-10-05T10:32:48.386+0000] {processor.py:914} INFO - Processing file /opt/airflow/dags/market_elt_pipeline.py for tasks to queue
[2026-10-05T10:32:48.390+0000] {logging_mixin.py:190} INFO - [2026-10-05T10:32:48.389+0000] {dagbag.py:588} INFO - Filling up the DagBag from /opt/airflow/dags/market_elt_pipeline.py
[2026-10-05T10:32:48.413+0000] {processor.py:925} INFO - DAG(s) 'market_data_elt_pipeline' retrieved from /opt/airflow/dags/market_elt_pipeline.py
[2026-10-05T10:32:48.449+0000] {logging_mixin.py:190} INFO - [2026-10-05T10:32:48.448+0000] {dag.py:3239} INFO - Sync 1 DAGs
[2026-10-05T10:32:48.474+0000] {logging_mixin.py:190} INFO - [2026-10-05T10:32:48.474+0000] {dag.py:4180} INFO - Setting next_dagrun for market_data_elt_pipeline to 2026-10-05 00:00:00+00:00, run_after=2026-10-06 00:00:00+00:00
[2026-10-05T10:32:48.494+0000] {processor.py:208} INFO - Processing /opt/airflow/dags/market_elt_pipeline.py took 0.139 seconds
[2026-10-05T10:33:18.684+0000] {processor.py:186} INFO - Started process (PID=972) to work on /opt/airflow/dags/market_elt_pipeline.py
[2026-10-05T10:33:18.687+0000] {processor.py:914} INFO - Processing file /opt/airflow/dags/market_elt_pipeline.py for tasks to queue
[2026-10-05T10:33:18.690+0000] {logging_mixin.py:190} INFO - [2026-10-05T10:33:18.690+0000] {dagbag.py:588} INFO - Filling up the DagBag from /opt/airflow/dags/market_elt_pipeline.py
[2026-10-05T10:33:18.727+0000] {processor.py:925} INFO - DAG(s) 'market_data_elt_pipeline' retrieved from /opt/airflow/dags/market_elt_pipeline.py
[2026-10-05T10:33:18.769+0000] {logging_mixin.py:190} INFO - [2026-10-05T10:33:18.769+0000] {dag.py:3239} INFO - Sync 1 DAGs
[2026-10-05T10:33:18.796+0000] {logging_mixin.py:190} INFO - [2026-10-05T10:33:18.796+0000] {dag.py:4180} INFO - Setting next_dagrun for market_data_elt_pipeline to 2026-10-05 00:00:00+00:00, run_after=2026-10-06 00:00:00+00:00
[2026-10-05T10:33:18.817+0000] {processor.py:208} INFO - Processing /opt/airflow/dags/market_elt_pipeline.py took 0.140 seconds
[2026-10-05T10:33:49.153+0000] {processor.py:186} INFO - Started process (PID=977) to work on /opt/airflow/dags/market_elt_pipeline.py
[2026-10-05T10:33:49.154+0000] {processor.py:914} INFO - Processing file /opt/airflow/dags/market_elt_pipeline.py for tasks to queue
[2026-10-05T10:33:49.156+0000] {logging_mixin.py:190} INFO - [2026-10-05T10:33:49.156+0000] {dagbag.py:588} INFO - Filling up the DagBag from /opt/airflow/dags/market_elt_pipeline.py
[2026-10-05T10:33:49.184+0000] {processor.py:925} INFO - DAG(s) 'market_data_elt_pipeline' retrieved from /opt/airflow/dags/market_elt_pipeline.py
[2026-10-05T10:33:49.220+0000] {logging_mixin.py:190} INFO - [2026-10-05T10:33:49.220+0000] {dag.py:3239} INFO - Sync 1 DAGs
[2026-10-05T10:33:49.250+0000] {logging_mixin.py:190} INFO - [2026-10-05T10:33:49.249+0000] {dag.py:4180} INFO - Setting next_dagrun for market_data_elt_pipeline to 2026-10-05 00:00:00+00:00, run_after=2026-10-06 00:00:00+00:00
[2026-10-05T10:33:49.277+0000] {processor.py:208} INFO - Processing /opt/airflow/dags/market_elt_pipeline.py took 0.130 seconds
[2026-10-05T10:34:19.501+0000] {processor.py:186} INFO - Started process (PID=982) to work on /opt/airflow/dags/market_elt_pipeline.py
[2026-10-05T10:34:19.503+0000] {processor.py:914} INFO - Processing file /opt/airflow/dags/market_elt_pipeline.py for tasks to queue
[2026-10-05T10:34:19.507+0000] {logging_mixin.py:190} INFO - [2026-10-05T10:34:19.507+0000] {dagbag.py:588} INFO - Filling up the DagBag from /opt/airflow/dags/market_elt_pipeline.py
[2026-10-05T10:34:19.561+0000] {processor.py:925} INFO - DAG(s) 'market_data_elt_pipeline' retrieved from /opt/airflow/dags/market_elt_pipeline.py
[2026-10-05T10:34:19.596+0000] {logging_mixin.py:190} INFO - [2026-10-05T10:34:19.596+0000] {dag.py:3239} INFO - Sync 1 DAGs
[2026-10-05T10:34:19.627+0000] {logging_mixin.py:190} INFO - [2026-10-05T10:34:19.626+0000] {dag.py:4180} INFO - Setting next_dagrun for market_data_elt_pipeline to 2026-10-05 00:00:00+00:00, run_after=2026-10-06 00:00:00+00:00
[2026-10-05T10:34:19.654+0000] {processor.py:208} INFO - Processing /opt/airflow/dags/market_elt_pipeline.py took 0.169 seconds
[2026-10-05T10:34:49.994+0000] {processor.py:186} INFO - Started process (PID=987) to work on /opt/airflow/dags/market_elt_pipeline.py
[2026-10-05T10:34:49.995+0000] {processor.py:914} INFO - Processing file /opt/airflow/dags/market_elt_pipeline.py for tasks to queue
[2026-10-05T10:34:49.998+0000] {logging_mixin.py:190} INFO - [2026-10-05T10:34:49.997+0000] {dagbag.py:588} INFO - Filling up the DagBag from /opt/airflow/dags/market_elt_pipeline.py
[2026-10-05T10:34:50.024+0000] {processor.py:925} INFO - DAG(s) 'market_data_elt_pipeline' retrieved from /opt/airflow/dags/market_elt_pipeline.py
[2026-10-05T10:34:50.056+0000] {logging_mixin.py:190} INFO - [2026-10-05T10:34:50.056+0000] {dag.py:3239} INFO - Sync 1 DAGs
[2026-10-05T10:34:50.080+0000] {logging_mixin.py:190} INFO - [2026-10-05T10:34:50.080+0000] {dag.py:4180} INFO - Setting next_dagrun for market_data_elt_pipeline to 2026-10-05 00:00:00+00:00, run_after=2026-10-06 00:00:00+00:00
[2026-10-05T10:34:50.100+0000] {processor.py:208} INFO - Processing /opt/airflow/dags/market_elt_pipeline.py took 0.126 seconds
[2026-10-05T10:35:20.307+0000] {processor.py:186} INFO - Started process (PID=992) to work on /opt/airflow/dags/market_elt_pipeline.py
[2026-10-05T10:35:20.308+0000] {processor.py:914} INFO - Processing file /opt/airflow/dags/market_elt_pipeline.py for tasks to queue
[2026-10-05T10:35:20.311+0000] {logging_mixin.py:190} INFO - [2026-10-05T10:35:20.311+0000] {dagbag.py:588} INFO - Filling up the DagBag from /opt/airflow/dags/market_elt_pipeline.py
[2026-10-05T10:35:20.339+0000] {processor.py:925} INFO - DAG(s) 'market_data_elt_pipeline' retrieved from /opt/airflow/dags/market_elt_pipeline.py
[2026-10-05T10:35:20.371+0000] {logging_mixin.py:190} INFO - [2026-10-05T10:35:20.371+0000] {dag.py:3239} INFO - Sync 1 DAGs
[2026-10-05T10:35:20.395+0000] {logging_mixin.py:190} INFO - [2026-10-05T10:35:20.394+0000] {dag.py:4180} INFO - Setting next_dagrun for market_data_elt_pipeline to 2026-10-05 00:00:00+00:00, run_after=2026-10-06 00:00:00+00:00
[2026-10-05T10:35:20.417+0000] {processor.py:208} INFO - Processing /opt/airflow/dags/market_elt_pipeline.py took 0.117 seconds
[2026-10-05T10:35:50.747+0000] {processor.py:186} INFO - Started process (PID=997) to work on /opt/airflow/dags/market_elt_pipeline.py
[2026-10-05T10:35:50.749+0000] {processor.py:914} INFO - Processing file /opt/airflow/dags/market_elt_pipeline.py for tasks to queue
[2026-10-05T10:35:50.752+0000] {logging_mixin.py:190} INFO - [2026-10-05T10:35:50.751+0000] {dagbag.py:588} INFO - Filling up the DagBag from /opt/airflow/dags/market_elt_pipeline.py
[2026-10-05T10:35:50.776+0000] {processor.py:925} INFO - DAG(s) 'market_data_elt_pipeline' retrieved from /opt/airflow/dags/market_elt_pipeline.py
[2026-10-05T10:35:50.809+0000] {logging_mixin.py:190} INFO - [2026-10-05T10:35:50.808+0000] {dag.py:3239} INFO - Sync 1 DAGs
[2026-10-05T10:35:50.834+0000] {logging_mixin.py:190} INFO - [2026-10-05T10:35:50.834+0000] {dag.py:4180} INFO - Setting next_dagrun for market_data_elt_pipeline to 2026-10-05 00:00:00+00:00, run_after=2026-10-06 00:00:00+00:00
[2026-10-05T10:35:50.860+0000] {processor.py:208} INFO - Processing /opt/airflow/dags/market_elt_pipeline.py took 0.118 seconds
[2026-10-05T10:36:21.070+0000] {processor.py:186} INFO - Started process (PID=1002) to work on /opt/airflow/dags/market_elt_pipeline.py
[2026-10-05T10:36:21.072+0000] {processor.py:914} INFO - Processing file /opt/airflow/dags/market_elt_pipeline.py for tasks to queue
[2026-10-05T10:36:21.075+0000] {logging_mixin.py:190} INFO - [2026-10-05T10:36:21.074+0000] {dagbag.py:588} INFO - Filling up the DagBag from /opt/airflow/dags/market_elt_pipeline.py
[2026-10-05T10:36:21.101+0000] {processor.py:925} INFO - DAG(s) 'market_data_elt_pipeline' retrieved from /opt/airflow/dags/market_elt_pipeline.py
[2026-10-05T10:36:21.133+0000] {logging_mixin.py:190} INFO - [2026-10-05T10:36:21.133+0000] {dag.py:3239} INFO - Sync 1 DAGs
[2026-10-05T10:36:21.159+0000] {logging_mixin.py:190} INFO - [2026-10-05T10:36:21.159+0000] {dag.py:4180} INFO - Setting next_dagrun for market_data_elt_pipeline to 2026-10-05 00:00:00+00:00, run_after=2026-10-06 00:00:00+00:00
[2026-10-05T10:36:21.180+0000] {processor.py:208} INFO - Processing /opt/airflow/dags/market_elt_pipeline.py took 0.118 seconds
[2026-10-05T10:36:51.521+0000] {processor.py:186} INFO - Started process (PID=1007) to work on /opt/airflow/dags/market_elt_pipeline.py
[2026-10-05T10:36:51.522+0000] {processor.py:914} INFO - Processing file /opt/airflow/dags/market_elt_pipeline.py for tasks to queue
[2026-10-05T10:36:51.525+0000] {logging_mixin.py:190} INFO - [2026-10-05T10:36:51.525+0000] {dagbag.py:588} INFO - Filling up the DagBag from /opt/airflow/dags/market_elt_pipeline.py
[2026-10-05T10:36:51.556+0000] {processor.py:925} INFO - DAG(s) 'market_data_elt_pipeline' retrieved from /opt/airflow/dags/market_elt_pipeline.py
[2026-10-05T10:36:51.589+0000] {logging_mixin.py:190} INFO - [2026-10-05T10:36:51.588+0000] {dag.py:3239} INFO - Sync 1 DAGs
[2026-10-05T10:36:51.614+0000] {logging_mixin.py:190} INFO - [2026-10-05T10:36:51.614+0000] {dag.py:4180} INFO - Setting next_dagrun for market_data_elt_pipeline to 2026-10-05 00:00:00+00:00, run_after=2026-10-06 00:00:00+00:00
[2026-10-05T10:36:51.636+0000] {processor.py:208} INFO - Processing /opt/airflow/dags/market_elt_pipeline.py took 0.121 seconds
[2026-10-05T10:37:22.282+0000] {processor.py:186} INFO - Started process (PID=1012) to work on /opt/airflow/dags/market_elt_pipeline.py
[2026-10-05T10:37:22.332+0000] {processor.py:914} INFO - Processing file /opt/airflow/dags/market_elt_pipeline.py for tasks to queue
[2026-10-05T10:37:22.478+0000] {logging_mixin.py:190} INFO - [2026-10-05T10:37:22.464+0000] {dagbag.py:588} INFO - Filling up the DagBag from /opt/airflow/dags/market_elt_pipeline.py
[2026-10-05T10:37:22.935+0000] {processor.py:925} INFO - DAG(s) 'market_data_elt_pipeline' retrieved from /opt/airflow/dags/market_elt_pipeline.py
[2026-10-05T10:37:23.798+0000] {logging_mixin.py:190} INFO - [2026-10-05T10:37:23.798+0000] {dag.py:3239} INFO - Sync 1 DAGs
[2026-10-05T10:37:24.408+0000] {logging_mixin.py:190} INFO - [2026-10-05T10:37:24.407+0000] {dag.py:4180} INFO - Setting next_dagrun for market_data_elt_pipeline to 2026-10-05 00:00:00+00:00, run_after=2026-10-06 00:00:00+00:00
[2026-10-05T10:37:24.666+0000] {processor.py:208} INFO - Processing /opt/airflow/dags/market_elt_pipeline.py took 2.730 seconds
[2026-10-05T10:37:55.737+0000] {processor.py:186} INFO - Started process (PID=1017) to work on /opt/airflow/dags/market_elt_pipeline.py
[2026-10-05T10:37:55.756+0000] {processor.py:914} INFO - Processing file /opt/airflow/dags/market_elt_pipeline.py for tasks to queue
[2026-10-05T10:37:55.758+0000] {logging_mixin.py:190} INFO - [2026-10-05T10:37:55.758+0000] {dagbag.py:588} INFO - Filling up the DagBag from /opt/airflow/dags/market_elt_pipeline.py
[2026-10-05T10:37:55.868+0000] {processor.py:925} INFO - DAG(s) 'market_data_elt_pipeline' retrieved from /opt/airflow/dags/market_elt_pipeline.py
[2026-10-05T10:37:55.930+0000] {logging_mixin.py:190} INFO - [2026-10-05T10:37:55.930+0000] {dag.py:3239} INFO - Sync 1 DAGs
[2026-10-05T10:37:55.999+0000] {logging_mixin.py:190} INFO - [2026-10-05T10:37:55.998+0000] {dag.py:4180} INFO - Setting next_dagrun for market_data_elt_pipeline to 2026-10-05 00:00:00+00:00, run_after=2026-10-06 00:00:00+00:00
[2026-10-05T10:37:56.030+0000] {processor.py:208} INFO - Processing /opt/airflow/dags/market_elt_pipeline.py took 0.420 seconds
[2026-10-05T10:38:26.382+0000] {processor.py:186} INFO - Started process (PID=1022) to work on /opt/airflow/dags/market_elt_pipeline.py
[2026-10-05T10:38:26.383+0000] {processor.py:914} INFO - Processing file /opt/airflow/dags/market_elt_pipeline.py for tasks to queue
[2026-10-05T10:38:26.386+0000] {logging_mixin.py:190} INFO - [2026-10-05T10:38:26.386+0000] {dagbag.py:588} INFO - Filling up the DagBag from /opt/airflow/dags/market_elt_pipeline.py
[2026-10-05T10:38:26.416+0000] {processor.py:925} INFO - DAG(s) 'market_data_elt_pipeline' retrieved from /opt/airflow/dags/market_elt_pipeline.py
[2026-10-05T10:38:26.454+0000] {logging_mixin.py:190} INFO - [2026-10-05T10:38:26.454+0000] {dag.py:3239} INFO - Sync 1 DAGs
[2026-10-05T10:38:26.487+0000] {logging_mixin.py:190} INFO - [2026-10-05T10:38:26.487+0000] {dag.py:4180} INFO - Setting next_dagrun for market_data_elt_pipeline to 2026-10-05 00:00:00+00:00, run_after=2026-10-06 00:00:00+00:00
[2026-10-05T10:38:26.509+0000] {processor.py:208} INFO - Processing /opt/airflow/dags/market_elt_pipeline.py took 0.135 seconds
[2026-10-05T10:38:56.733+0000] {processor.py:186} INFO - Started process (PID=1027) to work on /opt/airflow/dags/market_elt_pipeline.py
[2026-10-05T10:38:56.734+0000] {processor.py:914} INFO - Processing file /opt/airflow/dags/market_elt_pipeline.py for tasks to queue
[2026-10-05T10:38:56.737+0000] {logging_mixin.py:190} INFO - [2026-10-05T10:38:56.736+0000] {dagbag.py:588} INFO - Filling up the DagBag from /opt/airflow/dags/market_elt_pipeline.py
[2026-10-05T10:38:56.761+0000] {processor.py:925} INFO - DAG(s) 'market_data_elt_pipeline' retrieved from /opt/airflow/dags/market_elt_pipeline.py
[2026-10-05T10:38:56.794+0000] {logging_mixin.py:190} INFO - [2026-10-05T10:38:56.794+0000] {dag.py:3239} INFO - Sync 1 DAGs
[2026-10-05T10:38:56.821+0000] {logging_mixin.py:190} INFO - [2026-10-05T10:38:56.821+0000] {dag.py:4180} INFO - Setting next_dagrun for market_data_elt_pipeline to 2026-10-05 00:00:00+00:00, run_after=2026-10-06 00:00:00+00:00
[2026-10-05T10:38:56.844+0000] {processor.py:208} INFO - Processing /opt/airflow/dags/market_elt_pipeline.py took 0.118 seconds
[2026-10-05T10:39:27.185+0000] {processor.py:186} INFO - Started process (PID=1032) to work on /opt/airflow/dags/market_elt_pipeline.py
[2026-10-05T10:39:27.186+0000] {processor.py:914} INFO - Processing file /opt/airflow/dags/market_elt_pipeline.py for tasks to queue
[2026-10-05T10:39:27.188+0000] {logging_mixin.py:190} INFO - [2026-10-05T10:39:27.188+0000] {dagbag.py:588} INFO - Filling up the DagBag from /opt/airflow/dags/market_elt_pipeline.py
[2026-10-05T10:39:27.217+0000] {processor.py:925} INFO - DAG(s) 'market_data_elt_pipeline' retrieved from /opt/airflow/dags/market_elt_pipeline.py
[2026-10-05T10:39:27.254+0000] {logging_mixin.py:190} INFO - [2026-10-05T10:39:27.253+0000] {dag.py:3239} INFO - Sync 1 DAGs
[2026-10-05T10:39:27.276+0000] {logging_mixin.py:190} INFO - [2026-10-05T10:39:27.276+0000] {dag.py:4180} INFO - Setting next_dagrun for market_data_elt_pipeline to 2026-10-05 00:00:00+00:00, run_after=2026-10-06 00:00:00+00:00
[2026-10-05T10:39:27.298+0000] {processor.py:208} INFO - Processing /opt/airflow/dags/market_elt_pipeline.py took 0.124 seconds
[2026-10-05T10:39:57.570+0000] {processor.py:186} INFO - Started process (PID=1037) to work on /opt/airflow/dags/market_elt_pipeline.py
[2026-10-05T10:39:57.571+0000] {processor.py:914} INFO - Processing file /opt/airflow/dags/market_elt_pipeline.py for tasks to queue
[2026-10-05T10:39:57.573+0000] {logging_mixin.py:190} INFO - [2026-10-05T10:39:57.573+0000] {dagbag.py:588} INFO - Filling up the DagBag from /opt/airflow/dags/market_elt_pipeline.py
[2026-10-05T10:39:57.607+0000] {processor.py:925} INFO - DAG(s) 'market_data_elt_pipeline' retrieved from /opt/airflow/dags/market_elt_pipeline.py
[2026-10-05T10:39:57.671+0000] {logging_mixin.py:190} INFO - [2026-10-05T10:39:57.671+0000] {dag.py:3239} INFO - Sync 1 DAGs
[2026-10-05T10:39:57.699+0000] {logging_mixin.py:190} INFO - [2026-10-05T10:39:57.698+0000] {dag.py:4180} INFO - Setting next_dagrun for market_data_elt_pipeline to 2026-10-05 00:00:00+00:00, run_after=2026-10-06 00:00:00+00:00
[2026-10-05T10:39:57.720+0000] {processor.py:208} INFO - Processing /opt/airflow/dags/market_elt_pipeline.py took 0.157 seconds
[2026-10-05T10:40:28.002+0000] {processor.py:186} INFO - Started process (PID=1042) to work on /opt/airflow/dags/market_elt_pipeline.py
[2026-10-05T10:40:28.003+0000] {processor.py:914} INFO - Processing file /opt/airflow/dags/market_elt_pipeline.py for tasks to queue
[2026-10-05T10:40:28.006+0000] {logging_mixin.py:190} INFO - [2026-10-05T10:40:28.005+0000] {dagbag.py:588} INFO - Filling up the DagBag from /opt/airflow/dags/market_elt_pipeline.py
[2026-10-05T10:40:28.038+0000] {processor.py:925} INFO - DAG(s) 'market_data_elt_pipeline' retrieved from /opt/airflow/dags/market_elt_pipeline.py
[2026-10-05T10:40:28.072+0000] {logging_mixin.py:190} INFO - [2026-10-05T10:40:28.072+0000] {dag.py:3239} INFO - Sync 1 DAGs
[2026-10-05T10:40:28.100+0000] {logging_mixin.py:190} INFO - [2026-10-05T10:40:28.100+0000] {dag.py:4180} INFO - Setting next_dagrun for market_data_elt_pipeline to 2026-10-05 00:00:00+00:00, run_after=2026-10-06 00:00:00+00:00
[2026-10-05T10:40:28.121+0000] {processor.py:208} INFO - Processing /opt/airflow/dags/market_elt_pipeline.py took 0.128 seconds
[2026-10-05T10:40:58.393+0000] {processor.py:186} INFO - Started process (PID=1047) to work on /opt/airflow/dags/market_elt_pipeline.py
[2026-10-05T10:40:58.396+0000] {processor.py:914} INFO - Processing file /opt/airflow/dags/market_elt_pipeline.py for tasks to queue
[2026-10-05T10:40:58.401+0000] {logging_mixin.py:190} INFO - [2026-10-05T10:40:58.400+0000] {dagbag.py:588} INFO - Filling up the DagBag from /opt/airflow/dags/market_elt_pipeline.py
[2026-10-05T10:40:58.539+0000] {processor.py:925} INFO - DAG(s) 'market_data_elt_pipeline' retrieved from /opt/airflow/dags/market_elt_pipeline.py
[2026-10-05T10:40:58.756+0000] {logging_mixin.py:190} INFO - [2026-10-05T10:40:58.755+0000] {dag.py:3239} INFO - Sync 1 DAGs
[2026-10-05T10:40:58.818+0000] {logging_mixin.py:190} INFO - [2026-10-05T10:40:58.817+0000] {dag.py:4180} INFO - Setting next_dagrun for market_data_elt_pipeline to 2026-10-05 00:00:00+00:00, run_after=2026-10-06 00:00:00+00:00
[2026-10-05T10:40:58.851+0000] {processor.py:208} INFO - Processing /opt/airflow/dags/market_elt_pipeline.py took 0.469 seconds
[2026-10-05T10:41:29.331+0000] {processor.py:186} INFO - Started process (PID=1068) to work on /opt/airflow/dags/market_elt_pipeline.py
[2026-10-05T10:41:29.334+0000] {processor.py:914} INFO - Processing file /opt/airflow/dags/market_elt_pipeline.py for tasks to queue
[2026-10-05T10:41:29.343+0000] {logging_mixin.py:190} INFO - [2026-10-05T10:41:29.342+0000] {dagbag.py:588} INFO - Filling up the DagBag from /opt/airflow/dags/market_elt_pipeline.py
[2026-10-05T10:41:29.393+0000] {processor.py:925} INFO - DAG(s) 'market_data_elt_pipeline' retrieved from /opt/airflow/dags/market_elt_pipeline.py
[2026-10-05T10:41:29.483+0000] {logging_mixin.py:190} INFO - [2026-10-05T10:41:29.483+0000] {dag.py:3239} INFO - Sync 1 DAGs
[2026-10-05T10:41:29.541+0000] {logging_mixin.py:190} INFO - [2026-10-05T10:41:29.541+0000] {dag.py:4180} INFO - Setting next_dagrun for market_data_elt_pipeline to 2026-10-05 00:00:00+00:00, run_after=2026-10-06 00:00:00+00:00
[2026-10-05T10:41:29.578+0000] {processor.py:208} INFO - Processing /opt/airflow/dags/market_elt_pipeline.py took 0.267 seconds
[2026-10-05T10:41:59.749+0000] {processor.py:186} INFO - Started process (PID=1116) to work on /opt/airflow/dags/market_elt_pipeline.py
[2026-10-05T10:41:59.751+0000] {processor.py:914} INFO - Processing file /opt/airflow/dags/market_elt_pipeline.py for tasks to queue
[2026-10-05T10:41:59.757+0000] {logging_mixin.py:190} INFO - [2026-10-05T10:41:59.756+0000] {dagbag.py:588} INFO - Filling up the DagBag from /opt/airflow/dags/market_elt_pipeline.py
[2026-10-05T10:41:59.833+0000] {processor.py:925} INFO - DAG(s) 'market_data_elt_pipeline' retrieved from /opt/airflow/dags/market_elt_pipeline.py
[2026-10-05T10:41:59.937+0000] {logging_mixin.py:190} INFO - [2026-10-05T10:41:59.937+0000] {dag.py:3239} INFO - Sync 1 DAGs
[2026-10-05T10:42:00.106+0000] {logging_mixin.py:190} INFO - [2026-10-05T10:42:00.104+0000] {dag.py:4180} INFO - Setting next_dagrun for market_data_elt_pipeline to 2026-10-05 00:00:00+00:00, run_after=2026-10-06 00:00:00+00:00
[2026-10-05T10:42:00.204+0000] {processor.py:208} INFO - Processing /opt/airflow/dags/market_elt_pipeline.py took 0.480 seconds
[2026-10-05T10:42:30.592+0000] {processor.py:186} INFO - Started process (PID=1124) to work on /opt/airflow/dags/market_elt_pipeline.py
[2026-10-05T10:42:30.594+0000] {processor.py:914} INFO - Processing file /opt/airflow/dags/market_elt_pipeline.py for tasks to queue
[2026-10-05T10:42:30.601+0000] {logging_mixin.py:190} INFO - [2026-10-05T10:42:30.600+0000] {dagbag.py:588} INFO - Filling up the DagBag from /opt/airflow/dags/market_elt_pipeline.py
[2026-10-05T10:42:30.654+0000] {processor.py:925} INFO - DAG(s) 'market_data_elt_pipeline' retrieved from /opt/airflow/dags/market_elt_pipeline.py
[2026-10-05T10:42:30.731+0000] {logging_mixin.py:190} INFO - [2026-10-05T10:42:30.730+0000] {dag.py:3239} INFO - Sync 1 DAGs
[2026-10-05T10:42:30.783+0000] {logging_mixin.py:190} INFO - [2026-10-05T10:42:30.782+0000] {dag.py:4180} INFO - Setting next_dagrun for market_data_elt_pipeline to 2026-10-05 00:00:00+00:00, run_after=2026-10-06 00:00:00+00:00
[2026-10-05T10:42:30.825+0000] {processor.py:208} INFO - Processing /opt/airflow/dags/market_elt_pipeline.py took 0.250 seconds
[2026-10-05T10:43:01.082+0000] {processor.py:186} INFO - Started process (PID=1129) to work on /opt/airflow/dags/market_elt_pipeline.py
[2026-10-05T10:43:01.084+0000] {processor.py:914} INFO - Processing file /opt/airflow/dags/market_elt_pipeline.py for tasks to queue
[2026-10-05T10:43:01.087+0000] {logging_mixin.py:190} INFO - [2026-10-05T10:43:01.086+0000] {dagbag.py:588} INFO - Filling up the DagBag from /opt/airflow/dags/market_elt_pipeline.py
[2026-10-05T10:43:01.111+0000] {processor.py:925} INFO - DAG(s) 'market_data_elt_pipeline' retrieved from /opt/airflow/dags/market_elt_pipeline.py
[2026-10-05T10:43:01.150+0000] {logging_mixin.py:190} INFO - [2026-10-05T10:43:01.149+0000] {dag.py:3239} INFO - Sync 1 DAGs
[2026-10-05T10:43:01.200+0000] {logging_mixin.py:190} INFO - [2026-10-05T10:43:01.200+0000] {dag.py:4180} INFO - Setting next_dagrun for market_data_elt_pipeline to 2026-10-05 00:00:00+00:00, run_after=2026-10-06 00:00:00+00:00
[2026-10-05T10:43:01.226+0000] {processor.py:208} INFO - Processing /opt/airflow/dags/market_elt_pipeline.py took 0.151 seconds
[2026-10-05T10:43:31.511+0000] {processor.py:186} INFO - Started process (PID=1134) to work on /opt/airflow/dags/market_elt_pipeline.py
[2026-10-05T10:43:31.512+0000] {processor.py:914} INFO - Processing file /opt/airflow/dags/market_elt_pipeline.py for tasks to queue
[2026-10-05T10:43:31.516+0000] {logging_mixin.py:190} INFO - [2026-10-05T10:43:31.516+0000] {dagbag.py:588} INFO - Filling up the DagBag from /opt/airflow/dags/market_elt_pipeline.py
[2026-10-05T10:43:31.539+0000] {processor.py:925} INFO - DAG(s) 'market_data_elt_pipeline' retrieved from /opt/airflow/dags/market_elt_pipeline.py
[2026-10-05T10:43:31.571+0000] {logging_mixin.py:190} INFO - [2026-10-05T10:43:31.571+0000] {dag.py:3239} INFO - Sync 1 DAGs
[2026-10-05T10:43:31.594+0000] {logging_mixin.py:190} INFO - [2026-10-05T10:43:31.594+0000] {dag.py:4180} INFO - Setting next_dagrun for market_data_elt_pipeline to 2026-10-05 00:00:00+00:00, run_after=2026-10-06 00:00:00+00:00
[2026-10-05T10:43:31.617+0000] {processor.py:208} INFO - Processing /opt/airflow/dags/market_elt_pipeline.py took 0.113 seconds
[2026-10-05T10:44:01.958+0000] {processor.py:186} INFO - Started process (PID=1139) to work on /opt/airflow/dags/market_elt_pipeline.py
[2026-10-05T10:44:01.960+0000] {processor.py:914} INFO - Processing file /opt/airflow/dags/market_elt_pipeline.py for tasks to queue
[2026-10-05T10:44:01.964+0000] {logging_mixin.py:190} INFO - [2026-10-05T10:44:01.964+0000] {dagbag.py:588} INFO - Filling up the DagBag from /opt/airflow/dags/market_elt_pipeline.py
[2026-10-05T10:44:02.006+0000] {processor.py:925} INFO - DAG(s) 'market_data_elt_pipeline' retrieved from /opt/airflow/dags/market_elt_pipeline.py
[2026-10-05T10:44:02.061+0000] {logging_mixin.py:190} INFO - [2026-10-05T10:44:02.061+0000] {dag.py:3239} INFO - Sync 1 DAGs
[2026-10-05T10:44:02.103+0000] {logging_mixin.py:190} INFO - [2026-10-05T10:44:02.102+0000] {dag.py:4180} INFO - Setting next_dagrun for market_data_elt_pipeline to 2026-10-05 00:00:00+00:00, run_after=2026-10-06 00:00:00+00:00
[2026-10-05T10:44:02.132+0000] {processor.py:208} INFO - Processing /opt/airflow/dags/market_elt_pipeline.py took 0.185 seconds
[2026-10-05T10:44:32.381+0000] {processor.py:186} INFO - Started process (PID=1144) to work on /opt/airflow/dags/market_elt_pipeline.py
[2026-10-05T10:44:32.383+0000] {processor.py:914} INFO - Processing file /opt/airflow/dags/market_elt_pipeline.py for tasks to queue
[2026-10-05T10:44:32.385+0000] {logging_mixin.py:190} INFO - [2026-10-05T10:44:32.385+0000] {dagbag.py:588} INFO - Filling up the DagBag from /opt/airflow/dags/market_elt_pipeline.py
[2026-10-05T10:44:32.407+0000] {processor.py:925} INFO - DAG(s) 'market_data_elt_pipeline' retrieved from /opt/airflow/dags/market_elt_pipeline.py
[2026-10-05T10:44:32.441+0000] {logging_mixin.py:190} INFO - [2026-10-05T10:44:32.441+0000] {dag.py:3239} INFO - Sync 1 DAGs
[2026-10-05T10:44:32.468+0000] {logging_mixin.py:190} INFO - [2026-10-05T10:44:32.468+0000] {dag.py:4180} INFO - Setting next_dagrun for market_data_elt_pipeline to 2026-10-05 00:00:00+00:00, run_after=2026-10-06 00:00:00+00:00
[2026-10-05T10:44:32.488+0000] {processor.py:208} INFO - Processing /opt/airflow/dags/market_elt_pipeline.py took 0.114 seconds
[2026-10-05T10:45:02.803+0000] {processor.py:186} INFO - Started process (PID=1149) to work on /opt/airflow/dags/market_elt_pipeline.py
[2026-10-05T10:45:02.804+0000] {processor.py:914} INFO - Processing file /opt/airflow/dags/market_elt_pipeline.py for tasks to queue
[2026-10-05T10:45:02.807+0000] {logging_mixin.py:190} INFO - [2026-10-05T10:45:02.806+0000] {dagbag.py:588} INFO - Filling up the DagBag from /opt/airflow/dags/market_elt_pipeline.py
[2026-10-05T10:45:02.860+0000] {processor.py:925} INFO - DAG(s) 'market_data_elt_pipeline' retrieved from /opt/airflow/dags/market_elt_pipeline.py
[2026-10-05T10:45:02.894+0000] {logging_mixin.py:190} INFO - [2026-10-05T10:45:02.894+0000] {dag.py:3239} INFO - Sync 1 DAGs
[2026-10-05T10:45:02.925+0000] {logging_mixin.py:190} INFO - [2026-10-05T10:45:02.924+0000] {dag.py:4180} INFO - Setting next_dagrun for market_data_elt_pipeline to 2026-10-05 00:00:00+00:00, run_after=2026-10-06 00:00:00+00:00
[2026-10-05T10:45:02.945+0000] {processor.py:208} INFO - Processing /opt/airflow/dags/market_elt_pipeline.py took 0.148 seconds
[2026-10-05T10:45:33.131+0000] {processor.py:186} INFO - Started process (PID=1154) to work on /opt/airflow/dags/market_elt_pipeline.py
[2026-10-05T10:45:33.133+0000] {processor.py:914} INFO - Processing file /opt/airflow/dags/market_elt_pipeline.py for tasks to queue
[2026-10-05T10:45:33.137+0000] {logging_mixin.py:190} INFO - [2026-10-05T10:45:33.136+0000] {dagbag.py:588} INFO - Filling up the DagBag from /opt/airflow/dags/market_elt_pipeline.py
[2026-10-05T10:45:33.160+0000] {processor.py:925} INFO - DAG(s) 'market_data_elt_pipeline' retrieved from /opt/airflow/dags/market_elt_pipeline.py
[2026-10-05T10:45:33.194+0000] {logging_mixin.py:190} INFO - [2026-10-05T10:45:33.193+0000] {dag.py:3239} INFO - Sync 1 DAGs
[2026-10-05T10:45:33.218+0000] {logging_mixin.py:190} INFO - [2026-10-05T10:45:33.218+0000] {dag.py:4180} INFO - Setting next_dagrun for market_data_elt_pipeline to 2026-10-05 00:00:00+00:00, run_after=2026-10-06 00:00:00+00:00
[2026-10-05T10:45:33.239+0000] {processor.py:208} INFO - Processing /opt/airflow/dags/market_elt_pipeline.py took 0.114 seconds
[2026-10-05T10:46:03.509+0000] {processor.py:186} INFO - Started process (PID=1159) to work on /opt/airflow/dags/market_elt_pipeline.py
[2026-10-05T10:46:03.510+0000] {processor.py:914} INFO - Processing file /opt/airflow/dags/market_elt_pipeline.py for tasks to queue
[2026-10-05T10:46:03.513+0000] {logging_mixin.py:190} INFO - [2026-10-05T10:46:03.513+0000] {dagbag.py:588} INFO - Filling up the DagBag from /opt/airflow/dags/market_elt_pipeline.py
[2026-10-05T10:46:03.535+0000] {processor.py:925} INFO - DAG(s) 'market_data_elt_pipeline' retrieved from /opt/airflow/dags/market_elt_pipeline.py
[2026-10-05T10:46:03.568+0000] {logging_mixin.py:190} INFO - [2026-10-05T10:46:03.568+0000] {dag.py:3239} INFO - Sync 1 DAGs
[2026-10-05T10:46:03.593+0000] {logging_mixin.py:190} INFO - [2026-10-05T10:46:03.593+0000] {dag.py:4180} INFO - Setting next_dagrun for market_data_elt_pipeline to 2026-10-05 00:00:00+00:00, run_after=2026-10-06 00:00:00+00:00
[2026-10-05T10:46:03.614+0000] {processor.py:208} INFO - Processing /opt/airflow/dags/market_elt_pipeline.py took 0.111 seconds
[2026-10-05T10:46:39.960+0000] {processor.py:186} INFO - Started process (PID=1164) to work on /opt/airflow/dags/market_elt_pipeline.py
[2026-10-05T10:46:39.966+0000] {processor.py:914} INFO - Processing file /opt/airflow/dags/market_elt_pipeline.py for tasks to queue
[2026-10-05T10:46:39.975+0000] {logging_mixin.py:190} INFO - [2026-10-05T10:46:39.975+0000] {dagbag.py:588} INFO - Filling up the DagBag from /opt/airflow/dags/market_elt_pipeline.py
[2026-10-05T10:46:39.996+0000] {processor.py:925} INFO - DAG(s) 'market_data_elt_pipeline' retrieved from /opt/airflow/dags/market_elt_pipeline.py
[2026-10-05T10:46:40.077+0000] {logging_mixin.py:190} INFO - [2026-10-05T10:46:40.077+0000] {dag.py:3239} INFO - Sync 1 DAGs
[2026-10-05T10:46:40.113+0000] {logging_mixin.py:190} INFO - [2026-10-05T10:46:40.113+0000] {dag.py:4180} INFO - Setting next_dagrun for market_data_elt_pipeline to 2026-10-05 00:00:00+00:00, run_after=2026-10-06 00:00:00+00:00
[2026-10-05T10:46:40.138+0000] {processor.py:208} INFO - Processing /opt/airflow/dags/market_elt_pipeline.py took 0.217 seconds
[2026-10-05T10:47:10.490+0000] {processor.py:186} INFO - Started process (PID=1169) to work on /opt/airflow/dags/market_elt_pipeline.py
[2026-10-05T10:47:10.493+0000] {processor.py:914} INFO - Processing file /opt/airflow/dags/market_elt_pipeline.py for tasks to queue
[2026-10-05T10:47:10.499+0000] {logging_mixin.py:190} INFO - [2026-10-05T10:47:10.498+0000] {dagbag.py:588} INFO - Filling up the DagBag from /opt/airflow/dags/market_elt_pipeline.py
[2026-10-05T10:47:10.546+0000] {processor.py:925} INFO - DAG(s) 'market_data_elt_pipeline' retrieved from /opt/airflow/dags/market_elt_pipeline.py
[2026-10-05T10:47:10.629+0000] {logging_mixin.py:190} INFO - [2026-10-05T10:47:10.628+0000] {dag.py:3239} INFO - Sync 1 DAGs
[2026-10-05T10:47:10.683+0000] {logging_mixin.py:190} INFO - [2026-10-05T10:47:10.683+0000] {dag.py:4180} INFO - Setting next_dagrun for market_data_elt_pipeline to 2026-10-05 00:00:00+00:00, run_after=2026-10-06 00:00:00+00:00
[2026-10-05T10:47:10.724+0000] {processor.py:208} INFO - Processing /opt/airflow/dags/market_elt_pipeline.py took 0.250 seconds
[2026-10-05T10:47:40.876+0000] {processor.py:186} INFO - Started process (PID=1174) to work on /opt/airflow/dags/market_elt_pipeline.py
[2026-10-05T10:47:40.878+0000] {processor.py:914} INFO - Processing file /opt/airflow/dags/market_elt_pipeline.py for tasks to queue
[2026-10-05T10:47:40.881+0000] {logging_mixin.py:190} INFO - [2026-10-05T10:47:40.881+0000] {dagbag.py:588} INFO - Filling up the DagBag from /opt/airflow/dags/market_elt_pipeline.py
[2026-10-05T10:47:40.910+0000] {processor.py:925} INFO - DAG(s) 'market_data_elt_pipeline' retrieved from /opt/airflow/dags/market_elt_pipeline.py
[2026-10-05T10:47:40.961+0000] {logging_mixin.py:190} INFO - [2026-10-05T10:47:40.961+0000] {dag.py:3239} INFO - Sync 1 DAGs
[2026-10-05T10:47:40.998+0000] {logging_mixin.py:190} INFO - [2026-10-05T10:47:40.997+0000] {dag.py:4180} INFO - Setting next_dagrun for market_data_elt_pipeline to 2026-10-05 00:00:00+00:00, run_after=2026-10-06 00:00:00+00:00
[2026-10-05T10:47:41.035+0000] {processor.py:208} INFO - Processing /opt/airflow/dags/market_elt_pipeline.py took 0.169 seconds
[2026-10-05T10:48:11.366+0000] {processor.py:186} INFO - Started process (PID=1179) to work on /opt/airflow/dags/market_elt_pipeline.py
[2026-10-05T10:48:11.369+0000] {processor.py:914} INFO - Processing file /opt/airflow/dags/market_elt_pipeline.py for tasks to queue
[2026-10-05T10:48:11.376+0000] {logging_mixin.py:190} INFO - [2026-10-05T10:48:11.375+0000] {dagbag.py:588} INFO - Filling up the DagBag from /opt/airflow/dags/market_elt_pipeline.py
[2026-10-05T10:48:11.428+0000] {processor.py:925} INFO - DAG(s) 'market_data_elt_pipeline' retrieved from /opt/airflow/dags/market_elt_pipeline.py
[2026-10-05T10:48:11.499+0000] {logging_mixin.py:190} INFO - [2026-10-05T10:48:11.498+0000] {dag.py:3239} INFO - Sync 1 DAGs
[2026-10-05T10:48:11.555+0000] {logging_mixin.py:190} INFO - [2026-10-05T10:48:11.555+0000] {dag.py:4180} INFO - Setting next_dagrun for market_data_elt_pipeline to 2026-10-05 00:00:00+00:00, run_after=2026-10-06 00:00:00+00:00
[2026-10-05T10:48:11.595+0000] {processor.py:208} INFO - Processing /opt/airflow/dags/market_elt_pipeline.py took 0.246 seconds
[2026-10-05T10:48:41.876+0000] {processor.py:186} INFO - Started process (PID=1184) to work on /opt/airflow/dags/market_elt_pipeline.py
[2026-10-05T10:48:41.877+0000] {processor.py:914} INFO - Processing file /opt/airflow/dags/market_elt_pipeline.py for tasks to queue
[2026-10-05T10:48:41.882+0000] {logging_mixin.py:190} INFO - [2026-10-05T10:48:41.881+0000] {dagbag.py:588} INFO - Filling up the DagBag from /opt/airflow/dags/market_elt_pipeline.py
[2026-10-05T10:48:41.913+0000] {processor.py:925} INFO - DAG(s) 'market_data_elt_pipeline' retrieved from /opt/airflow/dags/market_elt_pipeline.py
[2026-10-05T10:48:41.957+0000] {logging_mixin.py:190} INFO - [2026-10-05T10:48:41.957+0000] {dag.py:3239} INFO - Sync 1 DAGs
[2026-10-05T10:48:41.993+0000] {logging_mixin.py:190} INFO - [2026-10-05T10:48:41.993+0000] {dag.py:4180} INFO - Setting next_dagrun for market_data_elt_pipeline to 2026-10-05 00:00:00+00:00, run_after=2026-10-06 00:00:00+00:00
[2026-10-05T10:48:42.020+0000] {processor.py:208} INFO - Processing /opt/airflow/dags/market_elt_pipeline.py took 0.155 seconds
[2026-10-05T10:49:12.193+0000] {processor.py:186} INFO - Started process (PID=1189) to work on /opt/airflow/dags/market_elt_pipeline.py
[2026-10-05T10:49:12.194+0000] {processor.py:914} INFO - Processing file /opt/airflow/dags/market_elt_pipeline.py for tasks to queue
[2026-10-05T10:49:12.198+0000] {logging_mixin.py:190} INFO - [2026-10-05T10:49:12.198+0000] {dagbag.py:588} INFO - Filling up the DagBag from /opt/airflow/dags/market_elt_pipeline.py
[2026-10-05T10:49:12.228+0000] {processor.py:925} INFO - DAG(s) 'market_data_elt_pipeline' retrieved from /opt/airflow/dags/market_elt_pipeline.py
[2026-10-05T10:49:12.279+0000] {logging_mixin.py:190} INFO - [2026-10-05T10:49:12.278+0000] {dag.py:3239} INFO - Sync 1 DAGs
[2026-10-05T10:49:12.312+0000] {logging_mixin.py:190} INFO - [2026-10-05T10:49:12.311+0000] {dag.py:4180} INFO - Setting next_dagrun for market_data_elt_pipeline to 2026-10-05 00:00:00+00:00, run_after=2026-10-06 00:00:00+00:00
[2026-10-05T10:49:12.338+0000] {processor.py:208} INFO - Processing /opt/airflow/dags/market_elt_pipeline.py took 0.155 seconds
[2026-10-05T10:49:42.534+0000] {processor.py:186} INFO - Started process (PID=1194) to work on /opt/airflow/dags/market_elt_pipeline.py
[2026-10-05T10:49:42.536+0000] {processor.py:914} INFO - Processing file /opt/airflow/dags/market_elt_pipeline.py for tasks to queue
[2026-10-05T10:49:42.539+0000] {logging_mixin.py:190} INFO - [2026-10-05T10:49:42.538+0000] {dagbag.py:588} INFO - Filling up the DagBag from /opt/airflow/dags/market_elt_pipeline.py
[2026-10-05T10:49:42.565+0000] {processor.py:925} INFO - DAG(s) 'market_data_elt_pipeline' retrieved from /opt/airflow/dags/market_elt_pipeline.py
[2026-10-05T10:49:42.604+0000] {logging_mixin.py:190} INFO - [2026-10-05T10:49:42.604+0000] {dag.py:3239} INFO - Sync 1 DAGs
[2026-10-05T10:49:42.633+0000] {logging_mixin.py:190} INFO - [2026-10-05T10:49:42.633+0000] {dag.py:4180} INFO - Setting next_dagrun for market_data_elt_pipeline to 2026-10-05 00:00:00+00:00, run_after=2026-10-06 00:00:00+00:00
[2026-10-05T10:49:42.666+0000] {processor.py:208} INFO - Processing /opt/airflow/dags/market_elt_pipeline.py took 0.141 seconds
[2026-10-05T10:50:12.788+0000] {processor.py:186} INFO - Started process (PID=1199) to work on /opt/airflow/dags/market_elt_pipeline.py
[2026-10-05T10:50:12.790+0000] {processor.py:914} INFO - Processing file /opt/airflow/dags/market_elt_pipeline.py for tasks to queue
[2026-10-05T10:50:12.794+0000] {logging_mixin.py:190} INFO - [2026-10-05T10:50:12.793+0000] {dagbag.py:588} INFO - Filling up the DagBag from /opt/airflow/dags/market_elt_pipeline.py
[2026-10-05T10:50:12.819+0000] {processor.py:925} INFO - DAG(s) 'market_data_elt_pipeline' retrieved from /opt/airflow/dags/market_elt_pipeline.py
[2026-10-05T10:50:12.874+0000] {logging_mixin.py:190} INFO - [2026-10-05T10:50:12.874+0000] {dag.py:3239} INFO - Sync 1 DAGs
[2026-10-05T10:50:12.901+0000] {logging_mixin.py:190} INFO - [2026-10-05T10:50:12.900+0000] {dag.py:4180} INFO - Setting next_dagrun for market_data_elt_pipeline to 2026-10-05 00:00:00+00:00, run_after=2026-10-06 00:00:00+00:00
[2026-10-05T10:50:12.922+0000] {processor.py:208} INFO - Processing /opt/airflow/dags/market_elt_pipeline.py took 0.142 seconds
[2026-10-05T10:50:43.214+0000] {processor.py:186} INFO - Started process (PID=1204) to work on /opt/airflow/dags/market_elt_pipeline.py
[2026-10-05T10:50:43.215+0000] {processor.py:914} INFO - Processing file /opt/airflow/dags/market_elt_pipeline.py for tasks to queue
[2026-10-05T10:50:43.219+0000] {logging_mixin.py:190} INFO - [2026-10-05T10:50:43.218+0000] {dagbag.py:588} INFO - Filling up the DagBag from /opt/airflow/dags/market_elt_pipeline.py
[2026-10-05T10:50:43.250+0000] {processor.py:925} INFO - DAG(s) 'market_data_elt_pipeline' retrieved from /opt/airflow/dags/market_elt_pipeline.py
[2026-10-05T10:50:43.299+0000] {logging_mixin.py:190} INFO - [2026-10-05T10:50:43.298+0000] {dag.py:3239} INFO - Sync 1 DAGs
[2026-10-05T10:50:43.326+0000] {logging_mixin.py:190} INFO - [2026-10-05T10:50:43.326+0000] {dag.py:4180} INFO - Setting next_dagrun for market_data_elt_pipeline to 2026-10-05 00:00:00+00:00, run_after=2026-10-06 00:00:00+00:00
[2026-10-05T10:50:43.351+0000] {processor.py:208} INFO - Processing /opt/airflow/dags/market_elt_pipeline.py took 0.146 seconds
[2026-10-05T10:51:13.702+0000] {processor.py:186} INFO - Started process (PID=1209) to work on /opt/airflow/dags/market_elt_pipeline.py
[2026-10-05T10:51:13.703+0000] {processor.py:914} INFO - Processing file /opt/airflow/dags/market_elt_pipeline.py for tasks to queue
[2026-10-05T10:51:13.707+0000] {logging_mixin.py:190} INFO - [2026-10-05T10:51:13.706+0000] {dagbag.py:588} INFO - Filling up the DagBag from /opt/airflow/dags/market_elt_pipeline.py
[2026-10-05T10:51:13.730+0000] {processor.py:925} INFO - DAG(s) 'market_data_elt_pipeline' retrieved from /opt/airflow/dags/market_elt_pipeline.py
[2026-10-05T10:51:13.776+0000] {logging_mixin.py:190} INFO - [2026-10-05T10:51:13.776+0000] {dag.py:3239} INFO - Sync 1 DAGs
[2026-10-05T10:51:13.806+0000] {logging_mixin.py:190} INFO - [2026-10-05T10:51:13.806+0000] {dag.py:4180} INFO - Setting next_dagrun for market_data_elt_pipeline to 2026-10-05 00:00:00+00:00, run_after=2026-10-06 00:00:00+00:00
[2026-10-05T10:51:13.841+0000] {processor.py:208} INFO - Processing /opt/airflow/dags/market_elt_pipeline.py took 0.147 seconds
[2026-10-05T12:36:51.810+0000] {processor.py:186} INFO - Started process (PID=1214) to work on /opt/airflow/dags/market_elt_pipeline.py
[2026-10-05T12:36:51.825+0000] {processor.py:914} INFO - Processing file /opt/airflow/dags/market_elt_pipeline.py for tasks to queue
[2026-10-05T12:36:51.842+0000] {logging_mixin.py:190} INFO - [2026-10-05T12:36:51.838+0000] {dagbag.py:588} INFO - Filling up the DagBag from /opt/airflow/dags/market_elt_pipeline.py
[2026-10-05T12:36:52.051+0000] {processor.py:925} INFO - DAG(s) 'market_data_elt_pipeline' retrieved from /opt/airflow/dags/market_elt_pipeline.py
[2026-10-05T12:36:52.406+0000] {logging_mixin.py:190} INFO - [2026-10-05T12:36:52.405+0000] {dag.py:3239} INFO - Sync 1 DAGs
[2026-10-05T12:36:52.499+0000] {logging_mixin.py:190} INFO - [2026-10-05T12:36:52.498+0000] {dag.py:4180} INFO - Setting next_dagrun for market_data_elt_pipeline to 2026-10-05 00:00:00+00:00, run_after=2026-10-06 00:00:00+00:00
[2026-10-05T12:36:52.574+0000] {processor.py:208} INFO - Processing /opt/airflow/dags/market_elt_pipeline.py took 0.829 seconds
[2026-10-05T13:30:16.582+0000] {processor.py:186} INFO - Started process (PID=1219) to work on /opt/airflow/dags/market_elt_pipeline.py
[2026-10-05T13:30:16.586+0000] {processor.py:914} INFO - Processing file /opt/airflow/dags/market_elt_pipeline.py for tasks to queue
[2026-10-05T13:30:16.603+0000] {logging_mixin.py:190} INFO - [2026-10-05T13:30:16.593+0000] {dagbag.py:588} INFO - Filling up the DagBag from /opt/airflow/dags/market_elt_pipeline.py
[2026-10-05T13:30:16.850+0000] {processor.py:925} INFO - DAG(s) 'market_data_elt_pipeline' retrieved from /opt/airflow/dags/market_elt_pipeline.py
[2026-10-05T13:30:17.150+0000] {logging_mixin.py:190} INFO - [2026-10-05T13:30:17.149+0000] {dag.py:3239} INFO - Sync 1 DAGs
[2026-10-05T13:30:17.252+0000] {logging_mixin.py:190} INFO - [2026-10-05T13:30:17.251+0000] {dag.py:4180} INFO - Setting next_dagrun for market_data_elt_pipeline to 2026-10-05 00:00:00+00:00, run_after=2026-10-06 00:00:00+00:00
[2026-10-05T13:30:17.358+0000] {processor.py:208} INFO - Processing /opt/airflow/dags/market_elt_pipeline.py took 0.840 seconds
[2026-10-05T13:30:49.498+0000] {processor.py:186} INFO - Started process (PID=1224) to work on /opt/airflow/dags/market_elt_pipeline.py
[2026-10-05T13:30:49.532+0000] {processor.py:914} INFO - Processing file /opt/airflow/dags/market_elt_pipeline.py for tasks to queue
[2026-10-05T13:30:49.710+0000] {logging_mixin.py:190} INFO - [2026-10-05T13:30:49.694+0000] {dagbag.py:588} INFO - Filling up the DagBag from /opt/airflow/dags/market_elt_pipeline.py
[2026-10-05T13:30:50.370+0000] {processor.py:925} INFO - DAG(s) 'market_data_elt_pipeline' retrieved from /opt/airflow/dags/market_elt_pipeline.py
[2026-10-05T13:30:51.117+0000] {logging_mixin.py:190} INFO - [2026-10-05T13:30:51.116+0000] {dag.py:3239} INFO - Sync 1 DAGs
[2026-10-05T13:30:51.551+0000] {logging_mixin.py:190} INFO - [2026-10-05T13:30:51.549+0000] {dag.py:4180} INFO - Setting next_dagrun for market_data_elt_pipeline to 2026-10-05 00:00:00+00:00, run_after=2026-10-06 00:00:00+00:00
[2026-10-05T13:30:51.935+0000] {processor.py:208} INFO - Processing /opt/airflow/dags/market_elt_pipeline.py took 2.690 seconds
[2026-10-05T13:31:23.788+0000] {processor.py:186} INFO - Started process (PID=1230) to work on /opt/airflow/dags/market_elt_pipeline.py
[2026-10-05T13:31:23.795+0000] {processor.py:914} INFO - Processing file /opt/airflow/dags/market_elt_pipeline.py for tasks to queue
[2026-10-05T13:31:23.803+0000] {logging_mixin.py:190} INFO - [2026-10-05T13:31:23.802+0000] {dagbag.py:588} INFO - Filling up the DagBag from /opt/airflow/dags/market_elt_pipeline.py
[2026-10-05T13:31:24.417+0000] {processor.py:925} INFO - DAG(s) 'market_data_elt_pipeline' retrieved from /opt/airflow/dags/market_elt_pipeline.py
[2026-10-05T13:31:24.782+0000] {logging_mixin.py:190} INFO - [2026-10-05T13:31:24.780+0000] {dag.py:3239} INFO - Sync 1 DAGs
[2026-10-05T13:31:24.909+0000] {logging_mixin.py:190} INFO - [2026-10-05T13:31:24.909+0000] {dag.py:4180} INFO - Setting next_dagrun for market_data_elt_pipeline to 2026-10-05 00:00:00+00:00, run_after=2026-10-06 00:00:00+00:00
[2026-10-05T13:31:24.966+0000] {processor.py:208} INFO - Processing /opt/airflow/dags/market_elt_pipeline.py took 1.593 seconds
[2026-10-05T13:31:56.257+0000] {processor.py:186} INFO - Started process (PID=1254) to work on /opt/airflow/dags/market_elt_pipeline.py
[2026-10-05T13:31:56.282+0000] {processor.py:914} INFO - Processing file /opt/airflow/dags/market_elt_pipeline.py for tasks to queue
[2026-10-05T13:31:56.316+0000] {logging_mixin.py:190} INFO - [2026-10-05T13:31:56.312+0000] {dagbag.py:588} INFO - Filling up the DagBag from /opt/airflow/dags/market_elt_pipeline.py
[2026-10-05T13:31:56.488+0000] {processor.py:925} INFO - DAG(s) 'market_data_elt_pipeline' retrieved from /opt/airflow/dags/market_elt_pipeline.py
[2026-10-05T13:31:56.727+0000] {logging_mixin.py:190} INFO - [2026-10-05T13:31:56.726+0000] {dag.py:3239} INFO - Sync 1 DAGs
[2026-10-05T13:31:56.873+0000] {logging_mixin.py:190} INFO - [2026-10-05T13:31:56.873+0000] {dag.py:4180} INFO - Setting next_dagrun for market_data_elt_pipeline to 2026-10-05 00:00:00+00:00, run_after=2026-10-06 00:00:00+00:00
[2026-10-05T13:31:56.954+0000] {processor.py:208} INFO - Processing /opt/airflow/dags/market_elt_pipeline.py took 0.795 seconds
[2026-10-05T13:32:27.753+0000] {processor.py:186} INFO - Started process (PID=1272) to work on /opt/airflow/dags/market_elt_pipeline.py
[2026-10-05T13:32:27.765+0000] {processor.py:914} INFO - Processing file /opt/airflow/dags/market_elt_pipeline.py for tasks to queue
[2026-10-05T13:32:27.797+0000] {logging_mixin.py:190} INFO - [2026-10-05T13:32:27.793+0000] {dagbag.py:588} INFO - Filling up the DagBag from /opt/airflow/dags/market_elt_pipeline.py
[2026-10-05T13:32:27.914+0000] {processor.py:925} INFO - DAG(s) 'market_data_elt_pipeline' retrieved from /opt/airflow/dags/market_elt_pipeline.py
[2026-10-05T13:32:28.193+0000] {logging_mixin.py:190} INFO - [2026-10-05T13:32:28.192+0000] {dag.py:3239} INFO - Sync 1 DAGs
[2026-10-05T13:32:28.352+0000] {logging_mixin.py:190} INFO - [2026-10-05T13:32:28.350+0000] {dag.py:4180} INFO - Setting next_dagrun for market_data_elt_pipeline to 2026-10-05 00:00:00+00:00, run_after=2026-10-06 00:00:00+00:00
[2026-10-05T13:32:28.430+0000] {processor.py:208} INFO - Processing /opt/airflow/dags/market_elt_pipeline.py took 0.789 seconds
